dataset_id,filename,gz_size_bytes,gz_md5,size_bytes,md5,creation_date,headers
adresse-dumbea,adresse-dumbea.csv.gz,485733,3b4ef946c1d2e603e638463e15d838e4,485733,8971f22996b79bca82f1a0d14e45b3db,2023-09-21,﻿NUM_GRAF;Geo Point;Geo Shape;IDADRS;IDTRONUM;CODEVOIE;NUMERO;COMP_NUM;NUM_COUR;LIBELLE;LIBVOIE;IDQUAR;LIBQUAR;GESTION;APPARTEN;LIVRAISO;X;Y;INFO_LTS
adresse-kaala-gomen,adresse-kaala-gomen.csv.gz,13465,f5d859dbe5bd151e8bb833e62e338cec,13465,b9709cd7343a3b295a33001cd4a5cf01,2023-09-21,﻿NUM_GRAF;Geo Point;Geo Shape;IDADRS;IDTRONUM;CODEVOIE;NUMERO;COMP_NUM;NUM_COUR;LIBELLE;LIBVOIE;IDQUAR;LIBQUAR;GESTION;APPARTEN;LIVRAISO;X;Y;INFO_LTS
adresse-kone,adresse-kone.csv.gz,144578,118a43f92e94dfbe21892615b3e545f4,144578,38451588d7cb16089422431d52fec70c,2023-09-21,﻿NUM_GRAF;Geo Point;Geo Shape;IDADRS;IDTRONUM;CODEVOIE;NUMERO;COMP_NUM;NUM_COUR;LIBELLE;LIBVOIE;IDQUAR;LIBQUAR;GESTION;APPARTEN;LIVRAISO;X;Y;INFO_LTS
adresse-montdore,adresse-montdore.csv.gz,529955,d7ede39f99cecad1c50a889c05eae726,529955,d439ff23e8b195d02801ad1946b135fa,2023-09-21,﻿NUM_GRAF;Geo Point;Geo Shape;IDADRS;IDTRONUM;CODEVOIE;NUMERO;COMP_NUM;NUM_COUR;LIBELLE;LIBVOIE;IDQUAR;LIBQUAR;GESTION;APPARTEN;LIVRAISO;X;Y;INFO_LTS
adresse-pouembout,adresse-pouembout.csv.gz,60391,ab83e92102cffbc000211e58747056ce,60391,61a65036f40a30fe99e15542051c9809,2023-09-21,﻿NUM_GRAF;Geo Point;Geo Shape;IDADRS;IDTRONUM;CODEVOIE;NUMERO;COMP_NUM;NUM_COUR;LIBELLE;LIBVOIE;IDQUAR;LIBQUAR;GESTION;APPARTEN;LIVRAISO;X;Y;INFO_LTS
aires-protegees-en-province-nord,aires-protegees-en-province-nord.csv.gz,28738,03cc4330355b5a494f7545b42feddb6f,28738,e5c84ad7db7b4a6189c4165d49615109,2023-09-21,﻿STATUT;geo_shape;geo_point_2d;OBJECTID;Nom_court;globalid;PERIMETRE (en m);AIRE (en ha);TYPE DE ZONE;GESTIONNAIRE;ACTE REGLEMENTAIRE;created_user;created_date;last_edited_user;last_edited_date;SHAPE__Length;SHAPE__Area
aires-protegees-en-province-sud,aires-protegees-en-province-sud.csv.gz,256220,4f47f799fa58cdeff3c1c3020c7be424,256220,9fb08f4b1c7f01e09c1baaaf382097fe,2023-09-21,﻿id;libelle;Type;ouvert;communes;geomStyle;urlPageWeb;geomSimplify;photoPrincipale;photoprincipale_id;photoprincipale_nom;photoprincipale_pathhd;photoprincipale_priorite;photoprincipale_copyright;photoprincipale_pathvignette;trace;geo_point_2d
antibioresistance-bhre,antibioresistance-bhre.csv.gz,135,7deee18b2a16f0a3cd7fae697f61a7a1,135,994044027be410d9d9e18472dd5a43ec,2023-09-21,﻿Type de BHRe;Année;Nombre de patients-porteurs de BHRe
atlas-equipements-publics-serail,atlas-equipements-publics-serail.csv.gz,115674,e9824690010f281f257b13bd2ed90681,115674,17163c59ec8020b3734eca94c5c297dc,2023-09-21,﻿LIB_COURT;Geo Point;Geo Shape;IDENT;LIB_NORME;APPARTEN;LIBADRS;IDADRS;THEME1;THEME2;THEME3;QUARTIER;LIVRAISO;X;Y;GESTION;GEST_EQ
autorisations_importations_inspection_pharmacie_depuis_2008,autorisations_importations_inspection_pharmacie_depuis_2008.csv.gz,335,c0e86c4fbc30248d2f282121d2bae543,335,5f529aaa24cb4441638e38fcbf8bc8f3,2023-09-21,﻿Type d'importation;Année;Nombre
avp-province-sud,avp-province-sud.csv.gz,76269,ddc43a9b17528a5b9f71f9b9f6de04b7,76269,b945eb0f396bcfe3f9ed9d21943ebd32,2023-09-21,﻿id;reference;title;missionsPrincipales;comportementPro;savoirFaire;caracteristiques;presentationContexte;commune;direction;description;categorie;docPdfUrl;savoir;datePublication;cadre;dateCloture;dateMiseAjour;motClef;symbol;localisation;withGeo
batiments-administratifs-en-province-nord,batiments-administratifs-en-province-nord.csv.gz,30231,49af18040afb0df89fa2f7b961811ec6,30231,53350b67219a3f976be0a4ccbf48211b,2023-09-21,﻿LIBELLE;CATEGORIE;FONCTION;LIBEL_ABR;TYPE;ORIGINE;DATE_ACQ;Shape_Leng;TYPE_ACQ;geo_shape;geo_point_2d;db_j91h5.hsu_xruwd.Bâtiments_administratifs_de_la_PN_BDTopo_EDI_CONST_.fid;Surface_bati;Surface_reelle;Surface_estime;SHAPE__Length;SHAPE__Area
bornes-de-recharge-pour-vehicules-electriques,bornes-de-recharge-pour-vehicules-electriques.csv.gz,5885,2b679ad54da9f29c1fcf61323d555402,5885,835eb76c0ebb9326b445ed97f253521b,2023-09-21,﻿ObjectID;GlobalID;Type de demande;Nom commercial;Nom de l'aménageur;Nom de l'opérateur de la station de recharge;Nom de la station de recharge;Adresse de la station de recharge;Commune;CODE_COMMUNE;CODE_POSTAL;Nombre de points de charge;Observations sur la station;ID_STATION;geo_shape;geo_point_2d
bsa-2015,bsa-2015.csv.gz,247672,b6137d22d0bfc3cc09778a63c23fcae9,247672,95efe491ee50952c22787da669ffdcbf,2023-09-21,﻿Numero;DateQuest;SD1;SD2a;SD2b;SD3;SD4;Age;SD7a;SD7b;SD8;SD9;SD10;SD11;SD12;SD13a;SD13b;CS1;CS2;CS3a;CS3b;CS4;CS5;CS6;CS7;CS8;CS9;CS10a;CS10b;CS10c;CS10d;CS11a;CS11b;CS11c;CS11d;ES1;ES2;ES3;ES4;ES5a;ES5b;ES6;ES7a;ES7b;ES7c;ES8a;ES8b;ES9a;ES9b;ES10a;ES10b;ES11a;ES11b;ES11c;ES11d;ES11e;ES11f;ES11g;ES12;ES13a;ES13b;ES13c;ES13d;ES13e;ES13f;ES13g;ES13h;ES13i;ES13j;ES14;AS1;AS2a;AS2b;AS2c;AS3;AS4a;AS4b;AS4c;AS4c_1;AS4c_2;AS4c_3;AS4c_4;AS4c_5;AS4c_6;AS4c_7;AS4c_8;AS4c_9;AS4c_10;AS4d;AS4c_11;AS5;H1;H2;H3;H4;H5;H6;AAP1;AAP2;AAP3;AAP4;AAP5;AAP6;AAP7;AAP8;AAP9;AAP10;AAP11;AAP12;AAP13;AAP14;AAP14a;AAP14b;AAP14c;AAP14d;AAP14e;AAP14f;AAP15;AAP16;AAP17;AAP18a;AAP18b;AAP18c;AAP19;AAP20;AAP21;AAP22;AAP23;AT1;AT2;AT3a;AT3b;AT3c;AT3d;AT4a;AT4b;AT4c;AT4c_1a;AT4c_2a;AT4c_3a;AT4c_4a;AT4c_5a;AT4c_6a;AT4c_7a;AT4c_1b;AT4c_2b;AT4c_3b;AT4c_4b;AT4c_5b;AT4c_6b;AT4c_7b;AT4d;AT4d_1a;AT4d_2a;AT4d_3a;AT4d_4a;AT4d_5a;AT4d_6a;AT4d_7a;AT4d_1b;AT4d_2b;AT4d_3b;AT4d_4b;AT4d_5b;AT4d_6b;AT4d_7b;AT4e;AT4f;ACE1;ACE2;ACE3a;ACE3b;ACE4a;ACE4b;AA1;AA2;AA3a;AA3b;AA3c;AA3d;AA4a;AA4b;AA4c;AA4c_1a;AA4c_2a;AA4c_3a;AA4c_4a;AA4c_5a;AA4c_6a;AA4c_7a;AA4c_1b;AA4c_2b;AA4c_3b;AA4c_4b;AA4c_5b;AA4c_6b;AA4c_7b;AA4d;AA4d_1a;AA4d_2a;AA4d_3a;AA4d_4a;AA4d_5a;AA4d_6a;AA4d_7a;AA4d_1b;AA4d_2b;AA4d_3b;AA4d_4b;AA4d_5b;AA4d_6b;AA4d_7b;AA4e;AA4f;AA4g;AA4h;AA4i;AK1;AK2;AK3a;AK3b;AK3c;AK3d;AK4a;AK4b;AK4c;AK4c_1a;AK4c_2a;AK4c_3a;AK4c_4a;AK4c_1b;AK4c_2b;AK4c_3b;AK4c_4b;AK4d;AK4d_1a;AK4d_2a;AK4d_3a;AK4d_4a;AK4d_1b;AK4d_2b;AK4d_3b;AK4d_4b;AC1;AC2;AC3a;AC3b;AC3c;AC3d;AC4a;AC4b;AC4c;AC4c_1a;AC4c_2a;AC4c_3a;AC4c_4a;AC4c_5a;AC4c_1b;AC4c_2b;AC4c_3b;AC4c_4b;AC4c_5b;AC4d;AC4d_1a;AC4d_2a;AC4d_3a;AC4d_4a;AC4d_5a;AC4d_1b;AC4d_2b;AC4d_3b;AC4d_4b;AC4d_5b;AC4e;A1a;A1b;A2a;A2b;A3a;A3b;A4a;A4b;A5a;A5b;A6a;A6b;A7a;A7b;A8a;A8b;A8c;A9a;A9b;A10a;A10b;A10c;SS1a;SS1b;SS2;SS3;SS4a;SS4b;SS4c;SS5;SS6a;SS6b;SS6c;SS6cc;SS7a;SS7b;SS7bb;SS7c;SS7cc;MPB1;MPB2;MPB3;MPB5;MPB6;MPB7;MPB7b;MPB8;Albuminurie;Unite_Alb;Creatininurie;Unite_Creat;K.Urine;Unite_K;Na.Urine;Unite_Na;Pond
bsj-2019,bsj-2019.csv.gz,1090896,83fd4e4749394ba7b181db41db865703,1090896,86d189a9d68b9623928c491b05759338,2023-09-21,﻿N°Obs;Date_Enreg;Province_Etab;Secteur_Etab;Niveau_Scolaire;CS1;CS2;CS3;Age;CS5;CS5_Autre;CS6;VF1;VF2;VF3;VF4a;VF4b;VF4c;VS1;VS2;VS3;VS4;VS5;VS5_Autre;ES1;ES2;ES3;ES3b;ES4;ES4b;ES5;ES6;ES7;ES7_Autre;ES8;ES9;ES9b;AS1;AS2;AS3;AS3_Autre;BD1;BD2;BD3;BD4;BD5;AL1;AL2;AL3;AL4;AL4_Autre;AL5a;AL5b;AL5c;AL5d;AL6a;AL6b;AL6c;AL6d;AP1;AP2;AP3;AP4;AP4_Autre;AP5;AP5_Autre;SD1;SD2;SM1;SM2a;SM2b;SM2c;SM3;SM4;SM4_Autre;SM5;SM6;SM7;CV1;CV2a;CV2b;CV3;CV4a;CV4b;CV5;VI1;VI2;VI2_Autre;VI3;VI3_Autre;VI4;VI4_Autre;VI5;VI6;VI6_Autre;VI7;VI7_Autre;VI8;VI8_Autre;TB1;TB2;TB3;TB4;TB5;TB6;TB7;TB8;AO1;AO2a;AO2b;AO3a;AO3b;AO3c;AO3d;AO4;AO5;AO6;AO7;AO8;AO9;AO10;AO11;CN1;CN2;CN3;CN4;CN5;CN6;CN7;AD1;AD2;AD3;SS1;SS2;SS3;SS4;SS5;SS6;SS6_Autre;SS7;SS7_Autre;SS8;SS9;SS10;SS11;SS12;PR1a;PR1b;PR1c;PR1d;PR1e;PR1f;PR1g;PR1h;PR2a;PR2b;PR2c;PR2d;PR2e;PR2f;PR2g;PR2h;Pond
carriere-des-fonctionnaires-de-la-nouvelle-caledonie-et-des-communes-depuis-2000,carriere-des-fonctionnaires-de-la-nouvelle-caledonie-et-des-communes-depuis-2000.csv.gz,175046,6c6e19cb3af3c34e0450d36a745ef147,175046,9b7dbeaaaa60f0b94296f06d7a48d539,2023-09-21,﻿Année;Type Fonction Publique;Position statutaire;Catégorie statutaire;Cadre;Corps;Echelle;Nombre De Fonctionnaires
catalogue-outils-sensibilisation-eau,catalogue-outils-sensibilisation-eau.csv.gz,40782,199689b2a99f1d18232d0e6442c44e98,40782,995c64ab9518ee42e3531d5e96f66e46,2023-09-21,"﻿N° de la fiche;Nom de la fiche PDF;Nom de l'outil;Type de support;Mots-clés;Finalité;Public cible;Durée;Nombre max de participants;Encadrement nécessaire;Lieu et matériel utile;Objectifs de l'outil;Description du support;Déroulement ou utilisation;""Concepteur ou éditeur ou diffuseur"";""Complément - Concepteur éditeur ou diffuseur"";Contact;Téléphone;Email;Site web;url_fiche_pdf_a_telecharger;Nom du fichier outil;Fichier outil à télécharger;Vignette;URL_PREVIEW_PDF"
centres-de-vaccination-et-vaccinodromes,centres-de-vaccination-et-vaccinodromes.csv.gz,34967,5e32e911b0b10987333c6ce3e3a6b16b,34967,49bddbcc59f45deee1f7eadfe121e22c,2023-09-21,﻿Date;Commune;Lieu;Heure de début;Heure de fin;Besoin d'un rendez-vous ?;Besoin d'un RDV ?;Contact;Organisateur;Province;Prise de rdv en ligne;Type;description_horaires;Commentaires;Annulation
communes-nc,communes-nc.csv.gz,761,8d6be00589d4a7fd755f5b2517bcab5d,761,0e4c7f3efb48db19d9930a20aaebcf23,2023-09-21,﻿nom_commune;code_postal;code_officiel_geographique_insee;nom_minuscule;province
communes-nc-limites-terrestres-simplifiees,communes-nc-limites-terrestres-simplifiees.csv.gz,6783028,13549b382c78a9c8b0cf251d2efe68b6,6783028,4ce5b8a14b9ade994e8f8e0b04893e6d,2023-09-21,﻿objectid;nom;Geo Point;Geo Shape;nom_minuscule;code_COG;code_postal;fichier;Shape__Are;Shape__Len
comptage-des-invertebres-de-la-province-des-iles-depuis-2004,comptage-des-invertebres-de-la-province-des-iles-depuis-2004.csv.gz,36173,4dc7bd7a7894d052b81f910d0eb5dd5e,36173,0a4ef2c954ceb5d3d393a72103b3bf18,2023-09-21,﻿Campagne;Site;Station;Transect;Type d'invertébré (Code);Décompte
comptage-des-poissons-de-la-province-des-iles-depuis-2004,comptage-des-poissons-de-la-province-des-iles-depuis-2004.csv.gz,34451,5a6ce4a7a226091f1e2f6820f43b1bf7,34451,649a8f5587ed2efe663618c208ec57a0,2023-09-21,﻿Campagne;Site;Station;Transect;Type de poisson (Code);Décompte
consommation-de-combustibles-depuis-2009,consommation-de-combustibles-depuis-2009.csv.gz,5108,e668cdcc46e81e09115d58e167842328,5108,263270b5923494664a35f5590419159a,2023-09-21,﻿Type de consommation de combustible;Unité;Année;Consommation
consommation-menages-2012,consommation-menages-2012.csv.gz,409685,10654ce1dabf7325f97811eb490d4bce,409685,f9757a465c8dd753b2b68cc35496bff7,2023-09-21,﻿NUM_LIGNE;SECTEUR HABITATION;PRODUIT;FAMILLE DE PRODUITS;Catégorie de produit;Forme de vente;Forme de vente num;Commune de vente;Lieu de vente;Secteur de vente;somme de dépenses annuelles (XFP)
consommation-stupefiants-depuis-2008,consommation-stupefiants-depuis-2008.csv.gz,833,5d7b2744f51c08ed3813edff280b4643,833,5d62b43950a515030bdb4c8f2579e136,2023-09-21,﻿Stupefiant;Année;Consommation
covid-19-centres-depistage-et-vaccination,covid-19-centres-depistage-et-vaccination.csv.gz,7865,909a55c6dc18c6f864804d0421357a95,7865,cb0cb2d2f9d1da09e5f4a227e7c53830,2023-09-21,﻿Type;Nom de l'établissement;Adresse;Quartier;Commune;Adresse postale;Contact téléphonique 1;Contact téléphonique 2;Coordonnées GPS;Adresse complete;Horaire dépistage Lundi;Horaire dépistage Mardi;Horaire dépistage Mercredi;Horaire dépistage Jeudi;Horaire dépistage Vendredi;Horaire dépistage Samedi;Horaire dépistage Dimanche;Dépistage le samedi ?;Dépistage le dimanche ?;Horodatage dépistage;Horaire vaccination Lundi;Horaire vaccination Mardi;Horaire vaccination Mercredi;Horaire vaccination Jeudi;Horaire vaccination Vendredi;Horaire vaccination Samedi;Horodatage vaccination;Propose du dépistage ?;Propose de la vaccination ?
delai-paiement-facture-nc,delai-paiement-facture-nc.csv.gz,216,c19ebdb9c983f823d466c6624bec8d4d,216,41951045f8053bb09dcc930a17d352d6,2023-09-21,﻿Année de paiement;Nb paiement;Délai moyen de paiement
depistage_crc,depistage_crc.csv.gz,610114,bd58036f6c6fe338b9ebb07ad2674157,610114,228217a7e1698242d77b8f482eeef1bf,2023-09-21,﻿id_sequentiel;Année de dépistage;Age;sexe;libelle_sexe;com_ecole;prov_ecole;libelle_province_ecole;cm1;cm2;clis;classe_unique;date_echo1;absent_echo1;defaut_autoris_echo1;refus_prt_echo1;refus_enft_echo1;raa_connu;raa_connu_crc;aacc;cl_echo1;libelle_cl_echo1;a_revoir;date_echo2;cl_echo2;libelle_cl_echo2;radie
distances-kilometriques-nc,distances-kilometriques-nc.csv.gz,33383,5e71424907e83e691e3f353b2023746d,33383,e21c2f2b7860246b150044fc19900c3e,2023-09-21,﻿Ile;Commune de DEPART;Lieu de DEPART;Commune de DESTINATION;Lieu de DESTINATION;Distance (km);Source
douanes-decisions-classement-tarifaire-d40,douanes-decisions-classement-tarifaire-d40.csv.gz,23648,cfc501a47981db7d63b37f113f2179e0,23648,852eecf68373e761b7549c80b5e0b19b,2023-09-21,﻿Numéro de décision;Date de délivrance;Code TD;Description;Motivation
effectifs_eleves_par_college,effectifs_eleves_par_college.csv.gz,11498,5ce56f84447685f5bd66db903f9b8051,11498,eaeb0e109db9aa415440f0046b78dc75,2023-09-21,﻿Rentrée scolaire;Numéro de l'établissement;Appellation officielle;Dénomination principale;Patronyme de l'établissement;Secteur;Commune;Province;Nombre total d'élèves;Nombre d'élèves segpa;Nombre d'élèves ulis;Nombre d'élèves en 6ème;Nombre de filles en 6ème;Nombre de garçons en 6ème;Nombre d'élèves en 5ème;Nombre de filles en 5ème;Nombre de garçons en 5ème;Nombre d'élèves en 4ème;Nombre de filles en 4ème;Nombre de garçons en 4ème;Nombre d'élèves en 3ème;Nombre de filles en 3ème;Nombre de garçons en 3ème;Nombre total de filles;Nombre total de garçons;si_segpa_;si_ulis;geoloc
effectifs_eleves_pre_bac_par_lycee,effectifs_eleves_pre_bac_par_lycee.csv.gz,6317,f021ee212831a02bd299fda716f5cfd0,6317,1607c654c9cf3106e4c1ced83327fbee,2023-09-21,﻿Rentrée scolaire;Numéro de l'établissement;Appellation officielle;Dénomination principale;Patronyme de l'établissement;Secteur;Commune;Province;Nombre total d'élèves;Nombre d'élèves en 2nde GT;Nombre de filles en 2nde GT;Nombre de garçons en 2nde GT;Nombre d'élèves en 2nde STHR;Nombre de filles en 2nde STHR;Nombre de garçons en 2nde STHR;Nombre d'élèves en 1ère G;Nombre de filles en 1ère G;Nombre de garçons en 1ère G;Nombre d'élèves en 1ère STI2D;Nombre de filles en 1ère STI2D;Nombre de garçons en 1ère STI2D;Nombre d'élèves en 1ère STL;Nombre de filles en 1ère STL;Nombre de garçons en 1ère STL;Nombre d'élèves en 1ère STMG;Nombre de filles en 1ère STMG;Nombre de garçons en 1ère STMG;Nombre d'élèves en 1ère ST2S;Nombre de filles en 1ère ST2S;Nombre de garçons en 1ère ST2S;Nombre d'élèves en 1ère STD2A;Nombre de filles en 1ère STD2A;Nombre de garçons en 1ère STD2A;Nombre d'élèves en 1ère STHR;Nombre de filles en 1ère STHR;Nombre de garçons en 1ère STHR;Nombre d'élèves en Tle G;Nombre de filles en Tle G;Nombre de garçons en Tle G;Nombre d'élèves en Tle STI2D;Nombre de filles en Tle STI2D;Nombre de garçons en Tle STI2D;Nombre d'élèves en Tle STL;Nombre de filles en Tle STL;Nombre de garçons en Tle STL;Nombre d'élèves en Tle STMG;Nombre de filles en Tle STMG;Nombre de garçons en Tle STMG;Nombre d'élèves en Tle ST2S;Nombre de filles en Tle ST2S;Nombre de garçons en Tle ST2S;Nombre d'élèves en Tle STD2A;Nombre de filles en Tle STD2A;Nombre de garçons en Tle STD2A;Nombre d'élèves en Tle STHR;Nombre de filles en Tle STHR;Nombre de garçons en Tle STHR;Nombre d'élèves en 2nde PRO;Nombre de filles en 2nde PRO;Nombre de garçons en 2nde PRO;Nombre d'élèves en 1ère PRO;Nombre de filles en 1ère PRO;Nombre de garçons en 1ère PRO;Nombre d'élèves en Tle PRO;Nombre de filles en Tle PRO;Nombre de garçons en Tle PRO;Nombre d'élèves en CAP 1ère année;Nombre de filles en CAP 1ère année;Nombre de garçons en CAP 1ère année;Nombre d'élèves en CAP 2ème année;Nombre de filles en CAP 2ème année;Nombre de garçons en CAP 2ème année;Nombre d'élèves en FCIL;Nombre de filles en FCIL;Nombre de garçons en FCIL;Nombre d'élèves en MC;Nombre de filles en MC;Nombre de garçons en MC;nombre_de_filles_en_pro_total
effectifs_par_ecole,effectifs_par_ecole.csv.gz,54426,c849f501e6fd8ada4781269d8001bcc9,54426,c964b386a0c327253b720e794d7a4ef1,2023-09-21,﻿Rentrée scolaire;Numéro de l'établissement;Appellation officielle;Dénomination principale;Patronyme de l'établissement;Circonscription;Province;Secteur;Commune;Nombre total de classes;Nombre total d'élèves;Nombre d'élèves en PS;Nombre d'élèves en MS;Nombre d'élèves en GS;Nombre d'élèves en pré-élémentaire;Nombre d'élèves en CP;Nombre d'élèves en CE1;Nombre d'élèves en CE2;Nombre d'élèves en CM1;Nombre d'élèves en CM2;Nombre d'élèves en élémentaire;Nombre d'élèves en CLIS;si_clis;geoloc
entreprises-actives-au-ridet,entreprises-actives-au-ridet.csv.gz,1444217,4a94a2cc730004e7223504e5ae2eabc1,1444217,fd6555dd519158f09cb35bc8b54b84a4,2023-09-21,﻿Date_entreprise_active;RID7;denomination;code_formjur;libelle_formjur;code_APE;libelle_NAF;division_NAF;libelle_division_NAF;section_NAF;libelle_section_NAF;code_commune;libelle_commune;hors_NC;province;salariés;date_emploi
entreprises_aemporter_clickandcollect_livraison,entreprises_aemporter_clickandcollect_livraison.csv.gz,20749,967562720f117da82baf0747e83e1f80,20749,6c100a3b81ce5656350a09f96c2c6fd4,2023-09-21,﻿Enseigne;Secteur;Type de vente;Site internet;Page Facebook;Téléphone;Adresse;Commune;Horaires;geolocalisation;urlpagefb
equipement-commercial-grand-noumea,equipement-commercial-grand-noumea.csv.gz,19871,758393ffe5ebc3b8f822c7b1e8366f94,19871,5c93eeaadffb9850b729602ace3e4a9d,2023-09-21,﻿Num_ligne;Code NAF;Activité;QUARTIER;VILLE;Surface de vente estimée (m2) : ouverte;Surface de vente (m2) tranches recodées;Date de la donnée
etablissements-actifs-au-ridet,etablissements-actifs-au-ridet.csv.gz,1724315,62024dc77c7b35f0d36c3a16211038b1,1724315,c5c40b8b7dcc95f72216240400d7400e,2023-09-21,﻿RID7;Date_etablis_actif;n°etablissement;denomination;sigle;enseigne;code_formjur;libelle_formjur;code_APE;libelle_NAF;division_NAF;libelle_division_NAF;section_NAF;libelle_section_NAF;code_commune;libelle_commune;hors_NC;province
etablissements-artisanaux-actifs-au-31-12-2019,etablissements-artisanaux-actifs-au-31-12-2019.csv.gz,187941,ba1e83d2edb9e97ae2c19ba810dff7c1,187941,3bdfe88b272c37437b67451346e844a8,2023-09-21,﻿NETAB;PROVINCE;COMMUNE;SECTEUR D'ACTIVITE;CODE NAFA;LIBELLE NAFA;DATE DE DECLARATION;FORME JURIDIQUE;anciennete;anciennete_sup_5_ans
etablissements-artisanaux-actifs-au-31-12-2020,etablissements-artisanaux-actifs-au-31-12-2020.csv.gz,191546,ce7d451431bb31c923fbf0d167f0e50b,191546,2133632808f18147f8b4380c6cd9aa84,2023-09-21,﻿NETAB;PROVINCE;COMMUNE;SECTEUR D'ACTIVITE;CODE NAFA;LIBELLE NAFA;DATE DE DECLARATION;FORME JURIDIQUE;anciennete;anciennete_sup_5_ans
etablissements-artisanaux-actifs-au-31-12-2021,etablissements-artisanaux-actifs-au-31-12-2021.csv.gz,191736,794dd1ee44ec52c88d6447bf3d7d3e80,191736,eab51938d272e82c165a8bfaf55f482a,2023-09-21,﻿NETAB;PROVINCE;COMMUNE;SECTEUR D'ACTIVITE;CODE NAFA;LIBELLE NAFA;DATE DE DECLARATION;FORME JURIDIQUE;anciennete;anciennete_sup_5_ans
etablissements-artisanaux-actifs-au-31-12-2022,etablissements-artisanaux-actifs-au-31-12-2022.csv.gz,176332,7b44b573f277e77ed54cd3dcb58cbea8,176332,3cb9eddffc1091750cbc764652d85634,2023-09-21,﻿NETAB;PROVINCE;COMMUNE;SECTEUR D'ACTIVITE;CODE NAFA;LIBELLE NAFA;DATE DE DECLARATION;FORME JURIDIQUE;ANCIENNETE;anciennete_sup_5_ans
etablissements_enseignement_premier_second_degre,etablissements_enseignement_premier_second_degre.csv.gz,25667,31b695e7adb77f2c3359eb65c0691c1d,25667,1353abf5d0ba69e80e7ec8a327f91b9a,2023-09-21,﻿Numéro de l'établissement;Dénomination principale;Appellation officielle;Secteur;Commune;Adresse;Complément adresse;Lieu dit;Commune - Code INSEE;Boite postale;Code postal;Patronyme de l'établissement;Coordonée_x;Coordonée y;geoloc;Ouvert/Fermé 2023;Province
exportation-metallurgique-depuis-1990,exportation-metallurgique-depuis-1990.csv.gz,46041,66c6d62ca33a752e0d4022c0d6761019,46041,ef7fcae0337db026a573664f0abbb708,2023-09-21,﻿Mois_Année;Année;Mois;Type;Zone d'exportation;Tonnage brut;Tonnage métal (Ni);Tonnage métal (Co);Valeur FAB (en millions de XFP)
exportation-miniere-depuis-1965,exportation-miniere-depuis-1965.csv.gz,30712,e4e4116d525fd304e5944a2e00dee0d2,30712,257152abbb5a1b27eecb72f1869eafe7,2023-09-21,﻿Mois_Année;Année;Mois;Pays;Tonnes humides;Tonnes de nickel contenu;Valeur FAB Nickel (en millions de XFP)
formations-tourisme-province-sud,formations-tourisme-province-sud.csv.gz,3520,31abebe37b668c6258715365c40cf43f,3520,8b0fc8a0fc580634bdb535633a45841f,2023-09-21,﻿id;titre de la formation;typePublic;commune;description;date prochaine session;nbJours;nature;formationEnLigne;dateMiseAjour;datePublication;motClef;geo;symbol;localisation;withGeo
gisement-dechets-entreprises-2019,gisement-dechets-entreprises-2019.csv.gz,8750,1efc5e2d1838453ae74be9371749e133,8750,f613fb4e5ac1f79f52588cd9ed9efb62,2023-09-21,﻿Province;Secteurs d'activités;Type de déchets;Tonnes de déchets
gr-province-nord,gr-province-nord.csv.gz,57158,3214d82bf9e59a82dbb8d8e91559f5dc,57158,f7cbe8505756e3f0f024bed29aaf0d8d,2023-09-21,﻿OBJECTID;Nom;Longueur;SHAPE__Length;geo_shape;geo_point_2d
icpe-province-sud,icpe-province-sud.csv.gz,190875,037d01e93ee2bea54d4d4ff74fd0f2bb,190875,0fed692ac0cbd7d777e323ae89b9595f,2023-09-21,﻿id;Nom;regime;regimeCode;reference;enseigneEtablissement;sigleEtablissement;quartier;raisonEntreprise;rid;ridet;adresse;datePublication;dateMiseAjour;symbol;localisation;statutInstallation;withGeo;activitePrincipale;point_geo
ilots-en-province-sud,ilots-en-province-sud.csv.gz,23298,1a67b6347c70043877db9788ee08f540,23298,42032138f55f625196ab52590b17c7f6,2023-09-21,﻿id;titre;close;urlPageWeb;localisation;photoPrincipale;longitude;latitude;point_geo;photoprincipale_id;photoprincipale_nom;photoprincipale_pathhd;photoprincipale_priorite;photoprincipale_copyright;photoprincipale_pathvignette
importations-psychotropes-depuis-2007,importations-psychotropes-depuis-2007.csv.gz,2544,f875a993c6300bd2d492bee7aed6d063,2544,c573fb05027c881e82fd60864927713a,2023-09-21,﻿Psychotrope;Année;Poids importé
indicateurs-cafat,indicateurs-cafat.csv.gz,414,4b451e303df58b42848f66db0f5eef67,414,ccb2b4a5cd3b260c976f646b1028fdde,2023-09-21,﻿Type;Description;Année;Nombre
lieux-de-sante-en-province-nord,lieux-de-sante-en-province-nord.csv.gz,4674,78020763a0d87459915e4c858f291a5c,4674,472689bd3c83eff321efdc4989a44a2c,2023-09-21,﻿OBJECTID;Commune;Localité;Type;Observation;gestion;Fichier;geo_shape;geo_point_2d;url_photo
liste-des-pays-et-territoires-etrangers,liste-des-pays-et-territoires-etrangers.csv.gz,8134,a345e1db15672e0d36441d5fdf20dcd4,8134,99c4657bae9ccee7b0d1a751c074c904,2023-09-21,﻿cog;actual;capay;crpay;ani;libcog;libenr;ancnom;codeiso2;codeiso3;codenum3
marinas-en-province-sud,marinas-en-province-sud.csv.gz,591,f760eb3460f51d8982d95cbc5efb38d7,591,c435b4a94b8b5b902d7b9e3ed678c818,2023-09-21,﻿id;Nom;commune;motClef;point_geo;dateMiseAjour;datePublication;symbol;localisation;withGeo
mises-a-leau-en-province-sud,mises-a-leau-en-province-sud.csv.gz,2098,a96e6a3dccd504f4e29b1177fc415181,2098,90056b041641761a6146b613c2c9ffd0,2023-09-21,﻿id;Nom de la mise à l'eau;commune;motClef;point_geo;dateMiseAjour;datePublication;symbol;localisation;withGeo
mvt-avions-tontouta,mvt-avions-tontouta.csv.gz,9781,fb8dd1f203785447529ce812c262f47a,9781,1584c94c1232b4c7cae87b301ca74568,2023-09-21,﻿annee_mois;Sens;Compagnie;Destination;nb de mouvements
naissances-par-commune-de-1981-a-2017,naissances-par-commune-de-1981-a-2017.csv.gz,2928,181a10406b52c79db0e04fe178849f5e,2928,49614747a7a6b090bb940853be6768b9,2023-09-21,﻿Commune;Année;Nombre de naissances
nb-consultations-publiques-marches-public-nc-par-collectivite,nb-consultations-publiques-marches-public-nc-par-collectivite.csv.gz,1893,d45670d186e9d573b5c283ec5f4be87b,1893,821414d1292ea098d4514e8f51176c9b,2023-09-21,﻿Nom de la collectivité;Année;Nombre de consultations publiées
nb-consultations-publiques-marches-publics-nc-par-direction,nb-consultations-publiques-marches-publics-nc-par-direction.csv.gz,4742,62867e7bfabcff84239a2eec178f71ef,4742,864ac7fe35475042d6a94ecd17de645a,2023-09-21,﻿Directions ou Services de la Nouvelle-Calédonie;Année;Type de procédure;Travaux;Fournitures;Services
nomenclature-dactivites-francaise-naf-rev-2-code-ape,nomenclature-dactivites-francaise-naf-rev-2-code-ape.csv.gz,53043,4486aaf4361c18e6cef6b04bb4bf0329,53043,2b1a2f4a00e88a404fc7fbd8434fc437,2023-09-21,﻿Code NAF;Intitule NAF;Intitule NAF 65;Intitule NAF 40
offres-demploi,offres-demploi.csv.gz,126455,10c5c0ba9cbf7d7a15cc9fd07654d318,126455,000810492e2e7d46cf6e8e2987ba6397,2023-09-21,﻿numero;created;updated;titreOffre;aPourvoirLe;experience;typeContrat;communeEmploi;codeROME;qualifications;nbPostes;accompagnement;datePublication;dateArchivage;dateMiseEnAttente;dateRejet;duree;uniteDuree;dureeTempsPartiel;desQuePossible;niveauFormation;diplome;certificationLocale;formationExigee;statut;permis;langues;specificites;savoirsEtre;connaissancesInfo;signalee;dateValidite;informationComplementaire;forServiceAccompagnement;employeur_type;employeur_nomentreprise;employeur_nompersphysique;employeur_prenompersphysique;employeur_email;employeur_adressecorrespondance_deliverypoint;employeur_adressecorrespondance_complement;employeur_adressecorrespondance_street;employeur_adressecorrespondance_distribution;employeur_adressecorrespondance_subdivision;employeur_adressecorrespondance_country;activites_multivalue;competences_multivalue;specifites_multivalue;zonesdeplacement_multivalue;savoirsetre_multivalue;connaissancesinfo_multivalue;contact_telephone;contact_mobile;contact_fax;contact_mail;permis_multivalue;permis_1;permis_2;permis_3;permis_1_libelle;permis_1_exige;permis_2_libelle;permis_2_exige;permis_3_libelle;permis_3_exige;permis_affichage;langues_1;langues_2;langues_3;langues_1_libelle;langues_1_niveau;langues_1_exige;langues_2_libelle;langues_2_niveau;langues_2_exige;langues_3_libelle;langues_3_niveau;langues_3_exige;langues_affichage
offres-emploi-stage-province-sud,offres-emploi-stage-province-sud.csv.gz,180691,2bbb8b58175bcc0daa01f0495b19b0cb,180691,536693d8e5446ef70021913e5fdd24f8,2023-09-21,﻿id;reference;title;prisePoste;niveauDiplome;commune;description;typeContrat;dureeHebdo;niveauExperience;motClef;datePublication;dateMiseAjour;symbol;domaineActivite;dateParution;communeLocalisation;localisation;withGeo
pacificdatavizchallenge_fruits_et_legumes_regroupement1,pacificdatavizchallenge_fruits_et_legumes_regroupement1.csv.gz,149370,155b0568d93979474a55f84f75ee6b02,149370,c94ef731cc7238bd02725e455fc0e55b,2023-09-21,﻿Year;Month;grouping 1;grouping 2;weight_survey_kg;weight_wholesalemarket_kg;value_wholesalemarket_fr;average_value;market_need_t;quotas_begin;quotas_end;contingent_quotas_t;achieved_quotas_t
pacificdatavizchallenge_fruits_et_legumes_regroupement2,pacificdatavizchallenge_fruits_et_legumes_regroupement2.csv.gz,14261,ee1f97155926bfd6f3b48fc91ac1d948,14261,6403a3b51f475721ad008582d4861e9e,2023-09-21,﻿year;month;grouping 2;weight_survey_kg;weight_wholesalemarket_kg;value_wholesalemarket_fr;average_value;price_index;price_index_wholesalemarket;quotas_begin;quotas_end;contingent_quotas_t;achieved_quotas_t
patrimoine-historique-et-culturel-de-la-province-sud,patrimoine-historique-et-culturel-de-la-province-sud.csv.gz,2417,c88b8a07770c2b87393713300112d341,2417,159ede67e287841a5ec148775bcce78d,2023-09-21,﻿id;Titre;Description;Commune;motClef;dateMiseAjour;datePublication;symbol;localisation;withGeo;longitude;latitude;point_geo
pax-tontouta-depuis-2016,pax-tontouta-depuis-2016.csv.gz,1269,ae9620a6941b71b2f71ef280f6227151,1269,5e52da08a787d6f577f4e63bf6c2d6b1,2023-09-21,﻿annee_mois;Sens;PAX
pil_jdd_substrats,pil_jdd_substrats.csv.gz,38740,c293c92cd1a0d88f6130bfff62a2a3a6,38740,b32519f14519a8aa394f6f1b156ec197,2023-09-21,﻿Campagne;Site;Station;Transect;Type de substrat;Type de substrat (libellé);Comptage
plages-en-province-nord,plages-en-province-nord.csv.gz,2279,dbf7351b1e46403f449d5c6b2d4e3542,2279,ce7b3eaa5cfa655fb71c5beb5b7d79ff,2023-09-21,﻿db_j91h5.hsu_xruwd.Plages_de_la_province_Nord_Plages_Pnord.fid;Lieu_dit;Commune;geo_shape;geo_point_2d
plages-en-province-sud,plages-en-province-sud.csv.gz,6506,0f322e5a156d410c1be8b086d52a9fe8,6506,c2ed0751d348620f77bde20fcc4315fa,2023-09-21,﻿id;Nom de la plage;Commune;Description;Mots clé;point_geo;dateMiseAjour;datePublication;symbol;localisation;withGeo;longitude;latitude
pole-emploi-rome-arborescence-principale,pole-emploi-rome-arborescence-principale.csv.gz,1092404,16265d6a54c9aceef57a319fab8a3d37,1092404,7d1d8b5750679914b2aab31974996dcd,2023-09-21,﻿Grand domaine;Domaine professionnel;Fiche ROME;Libellé;Code OGR;Grand Domaine;domaine Professionnel Code;Domaine Professionnel;Code ROME;Code NAF;Label NAF;code_rome_2;domaine_pro_2
pontons-en-province-sud,pontons-en-province-sud.csv.gz,725,34200683f1670ec904d63620429aaad8,725,43943517dea54eff5909b138a973b3e4,2023-09-21,﻿id;Nom du ponton;commune;motClef;point_geo;dateMiseAjour;datePublication;symbol;localisation;withGeo
population-legale-de-la-nouvelle-caledonie,population-legale-de-la-nouvelle-caledonie.csv.gz,3476,6ad3ed49f81431d51471a2dc4a319081,3476,1e0a7d075b3fb5e96deee4cbbf5d8e5a,2023-09-21,﻿commune_minus;annee de recensement;population municipale (1);population comptée à part totale (2);population comptée à part dont au titre de l'appartenance à une tribu de la commune (3);population totale avec doubles comptes (4);commune_maj;province;province_maj
population-par-groupe-decennal-recensement-2014,population-par-groupe-decennal-recensement-2014.csv.gz,4218,11509270f321cca114b7a4bb42d223ba,4218,0866884943ae7c2800ae3848b87cd61b,2023-09-21,﻿Commune;Genre;groupe d'age décennal;NOMBRE
ports-a-sec-en-province-sud,ports-a-sec-en-province-sud.csv.gz,398,9ec9bd9863668c4e65ebf667975ac96a,398,f9d5c6ade71c6a8bba1b84c4afb97041,2023-09-21,﻿id;Nom du port à sec;commune;motClef;point_geo;datePublication;dateMiseAjour;symbol;localisation;withGeo
posts_a_la_une,posts_a_la_une.csv.gz,8283,e7f8df40146c8d3cda0634b00f455247,8283,ca07083a8ce6d83e2eec5abaa41a9066,2023-09-21,﻿id;DATE;TITRE;DESCRIPTION;NOMS_ILLUSTRATION;LIEN UTILES;phrase_lien;url_illustration;annee_de_annonce
prix-des-energies-depuis-2009,prix-des-energies-depuis-2009.csv.gz,64116,f7bd257318b198e1c3a57251618f5d84,64116,610ddb30c4364bd1db7fd46607c24db7,2023-09-21,﻿Type de prix;Unité;MOIS;NOMBRE
prix-des-produits-alimentaires-en-2012-pacific-dataviz-challenge,prix-des-produits-alimentaires-en-2012-pacific-dataviz-challenge.csv.gz,580473,d14342395827ea237267191b7541b308,580473,0eb49cdb9d1214eaa033b76952bb6a42,2023-09-21,﻿PRODUCT_CODE;NAME;CONSUMPTION_SECTOR;CONSUMPTION_SUBSECTOR;PRODUCT_FAMILY;PRODUCT_SUBFAMILY;Variety;CATEGORY;DEPARTMENT;BRAND;CONDITIONING;COND_LONG_LABEL_UNIT;COND_SHORT_LABEL_UNIT;GENCOD;PRICE;PRICE_DATE;DISCOUNT;TOP_500;PRICE_STATEMENT_TYPE;COMPANY_NAME;RIDET;ADDRESS_TYPE;PATH_NUMBER;PATH_TYPE;PATH_NAME;ADDITIONAL_ADDRESS;DISTRICT;ZIP_CODE;CITY;GEO_POINT
prix-des-produits-alimentaires-en-2013-pacific-dataviz-challenge,prix-des-produits-alimentaires-en-2013-pacific-dataviz-challenge.csv.gz,15325046,24519c51d7954d7efad5b5c5275cbc13,15325046,411b29e4840b2ea83349864bca4721b5,2023-09-21,﻿PRODUCT_CODE;NAME;CONSUMPTION_SECTOR;CONSUMPTION_SUBSECTOR;PRODUCT_FAMILY;PRODUCT_SUBFAMILY;Variety;CATEGORY;DEPARTMENT;BRAND;CONDITIONING;COND_LONG_LABEL_UNIT;COND_SHORT_LABEL_UNIT;GENCOD;PRICE;PRICE_DATE;DISCOUNT;TOP_500;PRICE_STATEMENT_TYPE;COMPANY_NAME;RIDET;ADDRESS_TYPE;PATH_NUMBER;PATH_TYPE;PATH_NAME;ADDITIONAL_ADDRESS;DISTRICT;ZIP_CODE;CITY;GEO_POINT
prix-des-produits-alimentaires-en-2014-pacific-dataviz-challenge,prix-des-produits-alimentaires-en-2014-pacific-dataviz-challenge.csv.gz,105578369,8c82e9b6afa67460a2ab6bccd5fa334e,105578369,ce90912041c0c9c89e683ea9bb5265ae,2023-09-21,﻿PRODUCT_CODE;NAME;CONSUMPTION_SECTOR;CONSUMPTION_SUBSECTOR;PRODUCT_FAMILY;PRODUCT_SUBFAMILY;Variety;CATEGORY;DEPARTMENT;BRAND;CONDITIONING;COND_LONG_LABEL_UNIT;COND_SHORT_LABEL_UNIT;GENCOD;PRICE;PRICE_DATE;DISCOUNT;TOP_500;PRICE_STATEMENT_TYPE;COMPANY_NAME;RIDET;ADDRESS_TYPE;PATH_NUMBER;PATH_TYPE;PATH_NAME;ADDITIONAL_ADDRESS;DISTRICT;ZIP_CODE;CITY;GEO_POINT
prix-des-produits-alimentaires-en-2015-pacific-dataviz-challenge,prix-des-produits-alimentaires-en-2015-pacific-dataviz-challenge.csv.gz,85223488,878bc2291cb5ab3493be283f2a292d2c,85223488,dc71b45fcd12098a61f167497c88d4fb,2023-09-21,﻿PRODUCT_CODE;NAME;CONSUMPTION_SECTOR;CONSUMPTION_SUBSECTOR;PRODUCT_FAMILY;PRODUCT_SUBFAMILY;Variety;CATEGORY;DEPARTMENT;BRAND;CONDITIONING;COND_LONG_LABEL_UNIT;COND_SHORT_LABEL_UNIT;GENCOD;PRICE;PRICE_DATE;DISCOUNT;TOP_500;PRICE_STATEMENT_TYPE;COMPANY_NAME;RIDET;ADDRESS_TYPE;PATH_NUMBER;PATH_TYPE;PATH_NAME;ADDITIONAL_ADDRESS;DISTRICT;ZIP_CODE;CITY;GEO_POINT
prix-des-produits-alimentaires-en-2016-pacific-dataviz-challenge,prix-des-produits-alimentaires-en-2016-pacific-dataviz-challenge.csv.gz,129925518,c6b42d06166a1140db0de61f4981078d,129925518,7ba56bd5ff9668a8c871870e56884f3b,2023-09-21,﻿PRODUCT_CODE;NAME;CONSUMPTION_SECTOR;CONSUMPTION_SUBSECTOR;PRODUCT_FAMILY;PRODUCT_SUBFAMILY;Variety;CATEGORY;DEPARTMENT;BRAND;CONDITIONING;COND_LONG_LABEL_UNIT;COND_SHORT_LABEL_UNIT;GENCOD;PRICE;PRICE_DATE;DISCOUNT;TOP_500;PRICE_STATEMENT_TYPE;COMPANY_NAME;RIDET;ADDRESS_TYPE;PATH_NUMBER;PATH_TYPE;PATH_NAME;ADDITIONAL_ADDRESS;DISTRICT;ZIP_CODE;CITY;GEO_POINT
prix-des-produits-alimentaires-en-2017-pacific-dataviz-challenge,prix-des-produits-alimentaires-en-2017-pacific-dataviz-challenge.csv.gz,131347509,8f3db4c6d432e3b8a15c97963e9a5b0b,131347509,4404acff373cfdc1daaf993d65230ae6,2023-09-21,﻿PRODUCT_CODE;NAME;CONSUMPTION_SECTOR;CONSUMPTION_SUBSECTOR;PRODUCT_FAMILY;PRODUCT_SUBFAMILY;Variety;CATEGORY;DEPARTMENT;BRAND;CONDITIONING;COND_LONG_LABEL_UNIT;COND_SHORT_LABEL_UNIT;GENCOD;PRICE;PRICE_DATE;DISCOUNT;TOP_500;PRICE_STATEMENT_TYPE;COMPANY_NAME;RIDET;ADDRESS_TYPE;PATH_NUMBER;PATH_TYPE;PATH_NAME;ADDITIONAL_ADDRESS;DISTRICT;ZIP_CODE;CITY;GEO_POINT
prix-des-produits-alimentaires-en-2018-pacific-dataviz-challenge,prix-des-produits-alimentaires-en-2018-pacific-dataviz-challenge.csv.gz,138273817,b647f3710074c388f5ad83e77df6ddac,138273817,fbfae398137ddf3d66da85e3c7e2cec6,2023-09-21,﻿PRODUCT_CODE;NAME;CONSUMPTION_SECTOR;CONSUMPTION_SUBSECTOR;PRODUCT_FAMILY;PRODUCT_SUBFAMILY;Variety;CATEGORY;DEPARTMENT;BRAND;CONDITIONING;COND_LONG_LABEL_UNIT;COND_SHORT_LABEL_UNIT;GENCOD;PRICE;PRICE_DATE;DISCOUNT;TOP_500;PRICE_STATEMENT_TYPE;COMPANY_NAME;RIDET;ADDRESS_TYPE;PATH_NUMBER;PATH_TYPE;PATH_NAME;ADDITIONAL_ADDRESS;DISTRICT;ZIP_CODE;CITY;GEO_POINT
prix-des-produits-alimentaires-en-2019-pacific-dataviz-challenge,prix-des-produits-alimentaires-en-2019-pacific-dataviz-challenge.csv.gz,248755188,346775af92a20674963436dbcd99a6c5,248755188,f2be16cd03905eeaa5c31efdebda96b3,2023-09-21,﻿PRODUCT_CODE;NAME;CONSUMPTION_SECTOR;CONSUMPTION_SUBSECTOR;PRODUCT_FAMILY;PRODUCT_SUBFAMILY;Variety;CATEGORY;DEPARTMENT;BRAND;CONDITIONING;COND_LONG_LABEL_UNIT;COND_SHORT_LABEL_UNIT;GENCOD;PRICE;PRICE_DATE;DISCOUNT;TOP_500;PRICE_STATEMENT_TYPE;COMPANY_NAME;RIDET;ADDRESS_TYPE;PATH_NUMBER;PATH_TYPE;PATH_NAME;ADDITIONAL_ADDRESS;DISTRICT;ZIP_CODE;CITY;GEO_POINT
prix-des-produits-alimentaires-en-2020-pacific-dataviz-challenge,prix-des-produits-alimentaires-en-2020-pacific-dataviz-challenge.csv.gz,294898449,5194f0eb158dbece11dcbc26bff91dd9,294898449,6c25d66636aea33a818443fbf1434391,2023-09-21,﻿PRODUCT_CODE;NAME;CONSUMPTION_SECTOR;CONSUMPTION_SUBSECTOR;PRODUCT_FAMILY;PRODUCT_SUBFAMILY;Variety;CATEGORY;DEPARTMENT;BRAND;CONDITIONING;COND_LONG_LABEL_UNIT;COND_SHORT_LABEL_UNIT;GENCOD;PRICE;PRICE_DATE;DISCOUNT;TOP_500;PRICE_STATEMENT_TYPE;COMPANY_NAME;RIDET;ADDRESS_TYPE;PATH_NUMBER;PATH_TYPE;PATH_NAME;ADDITIONAL_ADDRESS;DISTRICT;ZIP_CODE;CITY;GEO_POINT
prix-des-produits-alimentaires-en-2021-pacific-dataviz-challenge,prix-des-produits-alimentaires-en-2021-pacific-dataviz-challenge.csv.gz,290522212,d532eb45011e96f38d5119061fdcad7d,290522212,df758b78b9e0f5468294907ff741e05d,2023-09-21,﻿PRODUCT_CODE;NAME;CONSUMPTION_SECTOR;CONSUMPTION_SUBSECTOR;PRODUCT_FAMILY;PRODUCT_SUBFAMILY;Variety;CATEGORY;DEPARTMENT;BRAND;CONDITIONING;COND_LONG_LABEL_UNIT;COND_SHORT_LABEL_UNIT;GENCOD;PRICE;PRICE_DATE;DISCOUNT;TOP_500;PRICE_STATEMENT_TYPE;COMPANY_NAME;RIDET;ADDRESS_TYPE;PATH_NUMBER;PATH_TYPE;PATH_NAME;ADDITIONAL_ADDRESS;DISTRICT;ZIP_CODE;CITY;GEO_POINT
prix-des-produits-alimentaires-en-2022-pacific-dataviz-challenge,prix-des-produits-alimentaires-en-2022-pacific-dataviz-challenge.csv.gz,241451021,bfe0d746ac3c835a7291b2c125604628,241451021,d154f29133b892e66e893dd31508578a,2023-09-21,﻿PRODUCT_CODE;NAME;CONSUMPTION_SECTOR;CONSUMPTION_SUBSECTOR;PRODUCT_FAMILY;PRODUCT_SUBFAMILY;Variety;CATEGORY;DEPARTMENT;BRAND;CONDITIONING;COND_LONG_LABEL_UNIT;COND_SHORT_LABEL_UNIT;GENCOD;PRICE;PRICE_DATE;DISCOUNT;TOP_500;PRICE_STATEMENT_TYPE;COMPANY_NAME;RIDET;ADDRESS_TYPE;PATH_NUMBER;PATH_TYPE;PATH_NAME;ADDITIONAL_ADDRESS;DISTRICT;ZIP_CODE;CITY;GEO_POINT
prix-des-produits-alimentaires-en-2023-pacific-dataviz-challenge,prix-des-produits-alimentaires-en-2023-pacific-dataviz-challenge.csv.gz,162436082,d11eee7f7851b96c375b88f3876da44a,162436082,c2faf6ac83c7ad1ee2c16f247a1ea114,2023-09-21,﻿PRODUCT_CODE;NAME;CONSUMPTION_SECTOR;CONSUMPTION_SUBSECTOR;PRODUCT_FAMILY;PRODUCT_SUBFAMILY;Variety;CATEGORY;DEPARTMENT;BRAND;CONDITIONING;COND_LONG_LABEL_UNIT;COND_SHORT_LABEL_UNIT;GENCOD;PRICE;PRICE_DATE;DISCOUNT;TOP_500;PRICE_STATEMENT_TYPE;COMPANY_NAME;RIDET;ADDRESS_TYPE;PATH_NUMBER;PATH_TYPE;PATH_NAME;ADDITIONAL_ADDRESS;DISTRICT;ZIP_CODE;CITY;GEO_POINT
production-metallurgique-depuis-1985,production-metallurgique-depuis-1985.csv.gz,16379,954fce3509f4d456015673b296b5df38,16379,66b5c46828379517463390d099fa8496,2023-09-21,﻿Mois-Année;Année;Mois;Type;Tonnage brut;Tonnage nickel contenu;Tonnage cobalt contenu
production-miniere-depuis-1875,production-miniere-depuis-1875.csv.gz,16466,f6058d9d1c292cc095a8e0d6bb1e3573,16466,7e3e66de5323f4eed9af2e5ede67aad6,2023-09-21,﻿Mois_Année;Année;Mois;Minerai;Tonnage humide;Tonnage de Nickel Contenu
programmation-fpc,programmation-fpc.csv.gz,82295,8ca0a7adc2a1f8f7257165cafdf3b583,82295,e51bb77f7f00a3ce6866d4e58b7402ef,2023-09-21,﻿IdSession;IdAction;Intitulé;Organisme;N° DFPC;Type d'action;Date de début prévue;Date début effective;Date de fin prévue;Date fin effective;code_rome;libelle_rome;Etat_Action;Etat_Session
recensement-de-la-population-2019-individus-nc,recensement-de-la-population-2019-individus-nc.csv.gz,7573084,c5f52126d3536d8349529546cb0bea9f,7573084,fae9d36a6b96f15471763d178dd727bb,2023-09-21,﻿ID;IDLOG;AGEA;AGER;ANNINS;APE;CNAT;COUPLE;CPAYSN;CPAYSRA;CS24;CS42;CS8;CSSAL;DIPL;EMPL;EXER;GAD;GAQ;GENRE;ILN;IRA;MINE;NAT;PROV;PROVRA;PROVTRA;RECH;SAL;SCOL;SECT10;SECT21;SECT5;STAT;STATANT;STM;TACT;TP;TRAANT;TRANS;TYP;TYPEMPL;TYPMENR
referendum-2018,referendum-2018.csv.gz,8135,31747a32e80f63200e64f61ed1aebda3,8135,d82d9d9efd568bdaa57ee633fb067fec,2023-09-21,﻿Commune;N° BV;BV;Inscrits;Votants;Abstention;Nuls;Blancs;Exprimés;OUI;NON
referendum-2020,referendum-2020.csv.gz,8612,cd5f69eb9148f1a7522ea5139dee8702,8612,d223b45a62cca3f4b545452edb23d602,2023-09-21,﻿Province ;Commune;N° BV;BV;Inscrits;Votants;Abstention;Nuls;Blancs;Exprimés;OUI;NON
referentiel-des-immeubles-localises-refil,referentiel-des-immeubles-localises-refil.csv.gz,171331,fb19eb2c852f990eb03e0400f529895f,171331,3973715744318db9c5bd60b901220aa6,2023-09-21,﻿NOM;IDENT;TYPE;IDADRS1;LIBADRS1;IDADRS2;LIBADRS2;QUARTIER;X;Y;APPARTEN;GESTION;LIVRAISO;point_geo
referentiel-douanier-baremes-douaniers-unrtxtab,referentiel-douanier-baremes-douaniers-unrtxtab.csv.gz,276,88dbadf7864d041ff504094a2f2540cc,276,5b726d79c4b51faf1f58db9d3669493f,2023-09-21,﻿rtx_cod;rtx_dsc;rtx_rat
referentiel-douanier-codes-additionnels-nationaux-cana_tab,referentiel-douanier-codes-additionnels-nationaux-cana_tab.csv.gz,4971,6c7353dfdba2f69f2667299af7c2e306,4971,f99c4194d5eca10aa88b2b7824a03243,2023-09-21,﻿cod;can_nam;can_dsc
referentiel-douanier-codes-des-pays-unctytab,referentiel-douanier-codes-des-pays-unctytab.csv.gz,2574,9d158f671f80861a329d5c86d2b9c0eb,2574,a471426ba3ab27657421223ca029edab,2023-09-21,﻿cty_cod;cty_dsc
referentiel-douanier-codes-documents-unatdtab,referentiel-douanier-codes-documents-unatdtab.csv.gz,828,7db4eeed3756bab6ecc7d9f4560170fe,828,81f94537bd3287b35d1911d153802fc1,2023-09-21,﻿atd_cod;atd_dsc;atd_dsc2;atd_dsc3
referentiel-douanier-conditions-de-paiement-untoptab,referentiel-douanier-conditions-de-paiement-untoptab.csv.gz,334,411afba528c9da5121373309512a88a4,334,d8ab917438a500bdd6c0699da33cfba4,2023-09-21,﻿top_cod;top_dsc;top_dsc2;top_dsc3
referentiel-douanier-incoterms-untodtab,referentiel-douanier-incoterms-untodtab.csv.gz,237,a66a4cea73a1cf15b599f1151690ec21,237,82e1c6f82a4cc7670fb5207d3df99df9,2023-09-21,﻿tod_cod;tod_dsc
referentiel-douanier-localisations-des-marchandises-unshdtab,referentiel-douanier-localisations-des-marchandises-unshdtab.csv.gz,1162,04f8d05ef5b178bd678e247b9ce65226,1162,29557cc3e21539133f15b46f62e96bb5,2023-09-21,﻿shd_cod;shd_nam;shd_nam2;shd_nam3;shd_adr;shd_ad2;shd_ad3;shd_ad4;shd_tel;shd_fax;shd_pub
referentiel-douanier-locode-unloctab,referentiel-douanier-locode-unloctab.csv.gz,966732,6dbc4e311d3523233ded48435cf23691,966732,97f0eadc7bc92ec8c57f072984989a2d,2023-09-21,﻿loc_cod;loc_dsc
referentiel-douanier-modeles-de-declaration-unmodtab,referentiel-douanier-modeles-de-declaration-unmodtab.csv.gz,375,8ad71c7c2cb95d98f88255684498506c,375,af50d5b870178437bd91525313669f8c,2023-09-21,﻿mod_cod;cp1_cod;mod_dsc;mod_flw
referentiel-douanier-natures-de-transaction-niveau-2-untr2tab,referentiel-douanier-natures-de-transaction-niveau-2-untr2tab.csv.gz,372,c2b8346d9d5eb32da422cf9722728e71,372,5d438d8ff3041c705f9d339ceec44962,2023-09-21,﻿tr1_cod;tr2_cod;tr2_dsc
referentiel-douanier-natures-de-transaction-niveau1-untr1tab,referentiel-douanier-natures-de-transaction-niveau1-untr1tab.csv.gz,167,49fab1e12b332c84cdfe522ec6432ebc,167,2a5a2dc96c0c0f5d626ce6ad5c6cc4ae,2023-09-21,﻿tr1_cod;tr1_dsc
referentiel-douanier-preferences-douanieres-unprftab,referentiel-douanier-preferences-douanieres-unprftab.csv.gz,190,25582c8b95fef1b09683df4de8282b98,190,c680835f89843118e5548c4677d7c7c0,2023-09-21,﻿prf_cod;prf_dsc
referentiel-douanier-regimes-etendus-uncp4tab,referentiel-douanier-regimes-etendus-uncp4tab.csv.gz,934,8d8c1c4cf3b1bda7ad31d09488d41717,934,e3250a25b60ddbcdda2f0430507a6e17,2023-09-21,﻿cp4_cod;cp4_dsc;cpr_cod;cpp_cod;spe_tra;gen_tra
referentiel-douanier-tarif-douanier-chapitres-unhs2tab,referentiel-douanier-tarif-douanier-chapitres-unhs2tab.csv.gz,4148,8746318cd2924046301b6fa3349a3697,4148,ae1126cdcc4369a11dfe584f66cfada5,2023-09-21,﻿hs2_cod;valid_from;valid_to;hs2_dsc;hs1_cod;hs2_txt;not_cod;modify_time;flg_rem
referentiel-douanier-tarif-douanier-codes-sh-unhs6tab,referentiel-douanier-tarif-douanier-codes-sh-unhs6tab.csv.gz,122439,c22ab3b833c5668431adaf6f565c6046,122439,b310a48394c9e8cf013b58f08147811a,2023-09-21,﻿hs6_cod;valid_from;valid_to;hs6_dsc;hs4_cod;hs5_cod;flg_rem
referentiel-douanier-tarif-douanier-compilation,referentiel-douanier-tarif-douanier-compilation.csv.gz,34610834,f8bd0c93d62f842777b00410bfec102f,34610834,1a93b7b93ee7c9af28e0fe13c2d6b445,2023-09-21,﻿Section;Titre de la section;Note de section;Chapitre;Titre du chapitre;Note de chapitre;Position SH;Désignation des marchandises;Unité supp.;Codification statistique;Note de renvoi;DD;TCI;TSPA;TAT;TAP;TPP;TAPP;TGC;TTE;TRM;section_ordre;chapitre_ordre;position_ordre;note_de_section_html;note_de_chapitre_html;note_de_renvoi_html
referentiel-douanier-tarif-douanier-positions-unhs4tab,referentiel-douanier-tarif-douanier-positions-unhs4tab.csv.gz,67783,3d8adf1d19a4913b6adf60b38f7bdd36,67783,0710216dc61a465d70fabbf78f561307,2023-09-21,﻿hs4_cod;valid_from;valid_to;hs4_dsc;hs2_cod;hs3_cod;modify_time;flg_rem
referentiel-douanier-tarif-douanier-sections-unhs1tab,referentiel-douanier-tarif-douanier-sections-unhs1tab.csv.gz,1442,5d005b4120f0f7ceb58ea1af16b6b87c,1442,72789a4b783b98592b876613e330e2e8,2023-09-21,﻿hs1_cod;valid_from;valid_to;hs1_dsc;hs1_txt;not_cod;modify_time;flg_rem
referentiel-douanier-tarif-douanier-sous-positions-unhs5tab,referentiel-douanier-tarif-douanier-sous-positions-unhs5tab.csv.gz,29618,80376353dd106641fbf0e8a481085eb2,29618,dca87cce335dfdd131fb9831483d303c,2023-09-21,﻿hs5_cod;valid_from;valid_to;hs5_dsc;hs4_cod;modify_time;flg_rem
referentiel-douanier-tarif-douanier-untartab,referentiel-douanier-tarif-douanier-untartab.csv.gz,254090,0dfc19cad7cb617f851a2133b7b17fd1,254090,5862128c7939ec1a0ed7762003af4715,2023-09-21,﻿hs6_cod;tar_pr1;tar_pr2;tar_pr3;tar_pr4;valid_from;valid_to;tar_all;tar_dsc;uom_cod1;uom_cod2;uom_cod3;not_cod;mkt_cod;rul_cod;tar_t01;tar_t02;tar_t03;tar_t04;tar_t05;tar_t06;tar_t07;tar_t08;tar_t09;tar_t10;tar_t11;tar_t12;tar_t13;tar_t14;tar_t15
referentiel-douanier-taux-de-change,referentiel-douanier-taux-de-change.csv.gz,30087,5a51e5f1d07822890d184193479ab3f6,30087,8f73c923f30f242f2288491a05f7ca9e,2023-09-21,﻿DATE_PUBLICATION;DATE_APPLICATION;DEVISE;COURS
referentiel-douanier-taux-de-remplissage-des-conteneurs-unindtab,referentiel-douanier-taux-de-remplissage-des-conteneurs-unindtab.csv.gz,88,a90c5c8b24908af7a77024bf151e95df,88,590b164fe6e46b46300930aaa6b7996d,2023-09-21,﻿ind_cod;ind_dsc
referentiel-douanier-transporteurs-uncartab,referentiel-douanier-transporteurs-uncartab.csv.gz,1560,e27f2da72f664dc5b15ba4a5ffb860a9,1560,1ddc6b83679bbe57a0a8d84ea2de1dde,2023-09-21,﻿car_cod;car_nam;car_adr;car_ad2;car_ad3;car_ad4;car_tel;car_fax;car_tlx;cmp_cod
referentiel-douanier-types-de-colis-unpkgtab,referentiel-douanier-types-de-colis-unpkgtab.csv.gz,492,f76fa1041a544950e61d784b8ae8bf41,492,15f444dacd6c3524ec42b907bbae89ed,2023-09-21,﻿pkg_cod;pkg_dsc;pkg_blk
referentiel-douanier-types-de-conteneurs-unctntab,referentiel-douanier-types-de-conteneurs-unctntab.csv.gz,56,2348992b10b1cab5c3c453fb3a1f2bf1,56,4d9b62ed41e7e4d355f37715b1257b32,2023-09-21,﻿ctn_typ;ctn_dsc
referentiel-douanier-unites-supplementaires-unuomtab,referentiel-douanier-unites-supplementaires-unuomtab.csv.gz,159,ab875d80ce2fe14abf4570facd454de8,159,436a69c5d4432e3a91c97a255dd83053,2023-09-21,﻿uom_cod;uom_dsc
rendement-des-impots-depuis-2010,rendement-des-impots-depuis-2010.csv.gz,7739,1df743ee01b201330a9cf2e194687cae,7739,96238c5cf32ec4a7d7dd44bbba959e1f,2023-09-21,﻿Lib long LC;Année;Montant titré
reussite_baccalaureat,reussite_baccalaureat.csv.gz,15061,da98a0ecfffcd7d8f4e2905b1c7caa10,15061,fbb6e6c5119b7c40759a6de6565b65cd,2023-09-21,"﻿Session;Sexe;Statut du candidat;Voie;Série;Diplôme spécialité;Nombre d'inscrits;Nombre de présents;Nombre d'admis au 1er groupe;Nombre de refusés au 1er groupe;""Nombre d'ajournés passant les épreuves du 2nd groupe"";Nombre d'admis à l'issue du 2nd groupe;Nombre de refusés à l'issue du 2nd groupe;Nombre d'admis totaux;Nombre d'admis avec mention TB;Nombre d'admis avec mention B;Nombre d'admis avec mention AB;Nombre d'admis sans mention;Nombre de refusés totaux;Taux de reussite"
reussite_brevet_par_college,reussite_brevet_par_college.csv.gz,11034,b0671a138b5f29bf88d20f1ae86ce27d,11034,f07238d11a96b8ff50780d18b0a64a67,2023-09-21,﻿Session;Numéro de l'établissement;Appelation officielle;Type d'établissement;Patronyme;Secteur;Commune;Province;Série;Inscrits;Présents;Admis;Admis sans mention;Admis avec mention AB;Admis avec mention B;Admis avec mention TB;Taux de réussite;taux_de_reussite_en_pourcentage
reussite_voie_professionnelle,reussite_voie_professionnelle.csv.gz,19963,fbc382cc6bf7f1a62eeab7f2ec219d89,19963,727311e8f34d83362fc05b2112fc95c8,2023-09-21,﻿Session;Type de diplôme;Diplôme;diplome court;Spécialité;Code spécialité;Scolaires présents;Scolaires admis;Taux de réussite scolaire;Individuels présents;Individuels admis;Total présents;Total admis;Taux de réussite total;Taux de réussite %;taux_de_reussite_cap;Taux de réussite individuels;taux_de_reussite_bts_;taux_de_reussite_bacp_;taux_de_reussite_du_mention_complementaire_;taux_de_reussite_brevet_pro_
riife_missions,riife_missions.csv.gz,3638,cfd07d5f4c93dcba86248c45f630976f,3638,748bfd3087e1ab8e449fb507f075b655,2023-09-21,﻿STRUCTURE_NOM;INFORMATION/ORIENTATION;INSERTION;FORMATION;EMPLOI;COMPETENCES;AIDE A L'ENTREPRISE;MOBILITE;ACCOMPAGNEMENT NUMERIQUE;AIDES AUX PARCOURS;PUBLICS SPECIFIQUES;HANDICAP
riife_sites,riife_sites.csv.gz,14909,edf125b0c275214aa2ead06c35346679,14909,089216f9eefa1c7c20522ae4f44daafa,2023-09-21,﻿Nom de la structure;Adresse du site;Commune du site;Position géographique du site;N° Tél du site;Courriel du site;Page web du site;SITE_PAGEFB;URL de la fiche descriptive de la structure;URL du logo de la structure;INFORMATION/ORIENTATION;INSERTION;FORMATION;EMPLOI;COMPETENCES;AIDE A L'ENTREPRISE;MOBILITE;ACCOMPAGNEMENT NUMERIQUE;AIDES AUX PARCOURS;PUBLICS SPECIFIQUES;HANDICAP;LOGO
riife_structures,riife_structures.csv.gz,2991,acdd38c6c02b779528e9f042038af4ec,2991,f6b8c3f6178798f957c37e0bf1975135,2023-09-21,﻿STRUCTURE_NOM;STRUCTURE_URL_FICHE;STRUCTURE_URL_LOGO;logo
rna-nc,rna-nc.csv.gz,3309876,affd87d9365b12437196191ddf1995a4,3309876,01fe4589a3cb7053644d486594f49c8d,2023-09-21,﻿Id;Ancien Id;SIRET;Numéro de RUP;Gestion;Date de création;Date de déclaration;Date de publication;Date de dissolution;Nature;Groupement;Titre;Titre court;Objet;Objet Social 1;Objet Social 2;Complément d'adresse Siège;Numéro de Voie Siège;Type de Voie Siège;Libellé Voie Siège;Lieu Dit Siège;Code Officiel Commune Siège;Code Postal Siège;Nom Commune Siège;Complément Adresse Gestion;Complément Géo Adresse Gestion;Libellé Voie Adresse Gestion;Lieu Dit Adresse Gestion;Code Postal Adresse Gestion;Autre Adresse Gestion;Pays Adresse Gestion;Code de la civilité du dirigeant principal;SIte Web;Publication sur le web;Observation;Position;Date de Mise à jour;geo_point_2d;Nom Officiel Département;Nom Officiel EPCI;Nom Officiel Région;Code Iso 3166-3 Zone;Code Officiel Département;Code Officiel EPCI;Code Officiel Région
rp-2019-indv-piles,rp-2019-indv-piles.csv.gz,462886,291a43e67bb7cbf217ec835c38a0de01,462886,c56b4503d9d6520dc2a3c426a85d7ed9,2023-09-21,﻿ID;IDLOG;AGEA;AGER;ANNINS;APE;CNAT;COUPLE;CPAYSN;CPAYSRA;CS24;CS42;CS8;CSSAL;DIPL;EMPL;EXER;GAD;GAQ;GENRE;ILN;IRA;MINE;NAT;PROV;PROVRA;PROVTRA;RECH;SAL;SCOL;SECT10;SECT21;SECT5;STAT;STATANT;STM;TACT;TP;TRAANT;TRANS;TYP;TYPEMPL;TYPMENR
rp-2019-indv-pnord,rp-2019-indv-pnord.csv.gz,1324215,258b14e120b9287af69cfc3298e91654,1324215,bb418def5053b204d97decfb90a194aa,2023-09-21,﻿ID;IDLOG;AGEA;AGER;ANNINS;APE;CNAT;COUPLE;CPAYSN;CPAYSRA;CS24;CS42;CS8;CSSAL;DIPL;EMPL;EXER;GAD;GAQ;GENRE;ILN;IRA;MINE;NAT;PROV;PROVRA;PROVTRA;RECH;SAL;SCOL;SECT10;SECT21;SECT5;STAT;STATANT;STM;TACT;TP;TRAANT;TRANS;TYP;TYPEMPL;TYPMENR
rp-2019-indv-psud,rp-2019-indv-psud.csv.gz,5711035,c677811a227fc515719ca493db939962,5711035,c572f91665091329c18cce7d016e8d69,2023-09-21,﻿ID;IDLOG;AGEA;AGER;ANNINS;APE;CNAT;COUPLE;CPAYSN;CPAYSRA;CS24;CS42;CS8;CSSAL;DIPL;EMPL;EXER;GAD;GAQ;GENRE;ILN;IRA;MINE;NAT;PROV;PROVRA;PROVTRA;RECH;SAL;SCOL;SECT10;SECT21;SECT5;STAT;STATANT;STM;TACT;TP;TRAANT;TRANS;TYP;TYPEMPL;TYPMENR
rp-2019-logements,rp-2019-logements.csv.gz,3240983,7d0fb3b17873295905b04d551eb045eb,3240983,6fa9cb43d89db2cac5f5c26b9444f6d5,2023-09-21,﻿IDLOG;AACA;AACH;AEMM;AGERM;ANNINSM;ASCEN;BAIL;BAIN;BATO;CATL;CHOM;CHOS;CLIM;CS8M;CUIS;DEROU;DIPLM;EAU;EGOUL;ELEC;GADM;GAQM;GARL;GELG;GENREM;ILNM;INPAM;INTER;MAL;NATM;NBI;NBPI;PEUPL;PIEPERS;PROV;PSOL;REFRI;STOC;SURF;TACTM;TFIXE;TYPC14;TYPEAU;TYPMENR;VOIT;WC
saison-administrative-des-feux-de-foret-depuis-2015,saison-administrative-des-feux-de-foret-depuis-2015.csv.gz,24548560,0ce39a20ff9ddf53f0d9ecd52ad4e8ad,24548560,af1fe5f1c22826f615d930629efe18a0,2023-09-21,﻿COMMUNE;Annee;nb_heure;nb_depart_de_feu;Surface brulee;Geo Shape;geo_point_2d
salaire-minimum-garanti-smg-smag,salaire-minimum-garanti-smg-smag.csv.gz,1197,f9373282ef2eb7ed2947f728869c393e,1197,4bec36a538ab42093813564ccd81f5f8,2023-09-21,﻿Mois;Type;Taux horaire brut;Montant brut mensuel (169 heures)
sempex_201912,sempex_201912.csv.gz,1920468,949eda9dabb4ac4ca2696e1e939e4117,1920468,23db0cbbebee185c3e5d0c341dd18d37,2023-09-21,﻿libelle_long;libelle_court;cip7;cip13;prix_fab;prix_public;prix_cfp;prix_brousse;prix_iles;code_fab;code_forme;date_application;code_tva;code_remboursement;reserve_hospitaliere;agrement;dispo;ephmra;a_changer;numero_maj;ean13;prix_ht;t2a;medicament_couteux;indisponibilite;atc;dci;retrocession;numeromaj_nc
sempex_202001,sempex_202001.csv.gz,1925872,837e490b66d91388ecb8cc0ac15dbd9a,1925872,fa179dc3ffecf6c16a080ce876c56179,2023-09-21,﻿libelle_long;libelle_court;cip7;cip13;prix_fab;prix_public;prix_cfp;prix_brousse;prix_iles;code_fab;code_forme;date_application;code_tva;code_remboursement;reserve_hospitaliere;agrement;dispo;ephmra;a_changer;numero_maj;ean13;prix_ht;t2a;medicament_couteux;indisponibilite;atc;dci;retrocession;numeromaj_nc
sempex_202002,sempex_202002.csv.gz,2001134,468ffd7ad3bb23112490bb63f75d44df,2001134,8f8ce8a85212b33559d7e17a9f8a7a77,2023-09-21,﻿libelle_long;libelle_court;cip7;cip13;prix_fab;prix_public;prix_cfp;prix_brousse;prix_iles;code_fab;code_forme;date_application;code_tva;code_remboursement;reserve_hospitaliere;agrement;dispo;ephmra;a_changer;numero_maj;ean13;prix_ht;t2a;medicament_couteux;indisponibilite;atc;dci;retrocession;numeromaj_nc
sempex_202003,sempex_202003.csv.gz,2023367,2f2cf576e8107070eae8b89f2b3c2ab6,2023367,500d58129bd494c2f94e854db8231876,2023-09-21,﻿libelle_long;libelle_court;cip7;cip13;prix_fab;prix_public;prix_cfp;prix_brousse;prix_iles;code_fab;code_forme;date_application;code_tva;code_remboursement;reserve_hospitaliere;agrement;dispo;ephmra;a_changer;numero_maj;ean13;prix_ht;t2a;medicament_couteux;indisponibilite;atc;dci;retrocession;numeromaj_nc
sempex_202004,sempex_202004.csv.gz,2037976,63e06339b50c5cbe49d26d808293e29e,2037976,08dfe47f03d3a1444ce1f4e26c5e4d47,2023-09-21,﻿libelle_long;libelle_court;cip7;cip13;prix_fab;prix_public;prix_cfp;prix_brousse;prix_iles;code_fab;code_forme;date_application;code_tva;code_remboursement;reserve_hospitaliere;agrement;dispo;ephmra;a_changer;numero_maj;ean13;prix_ht;t2a;medicament_couteux;indisponibilite;atc;dci;retrocession;numeromaj_nc
sempex_202005,sempex_202005.csv.gz,2077843,ded2f0c8c618a2bd02c0e60c5222be30,2077843,d0c9e6527c63dc6bd516a65ed747f858,2023-09-21,﻿libelle_long;libelle_court;cip7;cip13;prix_fab;prix_public;prix_cfp;prix_brousse;prix_iles;code_fab;code_forme;date_application;code_tva;code_remboursement;reserve_hospitaliere;agrement;dispo;ephmra;a_changer;numero_maj;ean13;prix_ht;t2a;medicament_couteux;indisponibilite;atc;dci;retrocession;numeromaj_nc
sempex_202006,sempex_202006.csv.gz,2088174,2d81edbf8c2014709386d8a6f70bd506,2088174,3f4721a8685ea6adaede730601869fe7,2023-09-21,﻿libelle_long;libelle_court;cip7;cip13;prix_fab;prix_public;prix_cfp;prix_brousse;prix_iles;code_fab;code_forme;date_application;code_tva;code_remboursement;reserve_hospitaliere;agrement;dispo;ephmra;a_changer;numero_maj;ean13;prix_ht;t2a;medicament_couteux;indisponibilite;atc;dci;retrocession;numeromaj_nc
sempex_202007,sempex_202007.csv.gz,2067837,fbd37a178d9309ee9a7fa2aa26199ed5,2067837,b92fd7266816c5243f172aa9b9d3116f,2023-09-21,﻿libelle_long;libelle_court;cip7;cip13;prix_fab;prix_public;prix_cfp;prix_brousse;prix_iles;code_fab;code_forme;date_application;code_tva;code_remboursement;reserve_hospitaliere;agrement;dispo;ephmra;a_changer;numero_maj;ean13;prix_ht;t2a;medicament_couteux;indisponibilite;atc;dci;retrocession;numeromaj_nc
sempex_202008,sempex_202008.csv.gz,2087244,6bbecfc179cd7ec522e1a39af20d1270,2087244,b3f6a509f18ed241c8eaae7ef2bdf94e,2023-09-21,﻿libelle_long;libelle_court;cip7;cip13;prix_fab;prix_public;prix_cfp;prix_brousse;prix_iles;code_fab;code_forme;date_application;code_tva;code_remboursement;reserve_hospitaliere;agrement;dispo;ephmra;a_changer;numero_maj;ean13;prix_ht;t2a;medicament_couteux;indisponibilite;atc;dci;retrocession;numeromaj_nc
sempex_202009,sempex_202009.csv.gz,2084365,65f0b6873da9ead46e1b9525614ff0ec,2084365,6ad828cc977ddc323f87ad8ca04b8237,2023-09-21,﻿libelle_long;libelle_court;cip7;cip13;prix_fab;prix_public;prix_cfp;prix_brousse;prix_iles;code_fab;code_forme;date_application;code_tva;code_remboursement;reserve_hospitaliere;agrement;dispo;ephmra;a_changer;numero_maj;ean13;prix_ht;t2a;medicament_couteux;indisponibilite;atc;dci;retrocession;numeromaj_nc
sempex_202010,sempex_202010.csv.gz,2103567,9ce4d49e592424492ec4f40d610a8cdc,2103567,eebaf310bd9d9426f960d14adc2bb508,2023-09-21,﻿libelle_long;libelle_court;cip7;cip13;prix_fab;prix_public;prix_cfp;prix_brousse;prix_iles;code_fab;code_forme;date_application;code_tva;code_remboursement;reserve_hospitaliere;agrement;dispo;ephmra;a_changer;numero_maj;ean13;prix_ht;t2a;medicament_couteux;indisponibilite;atc;dci;retrocession;numeromaj_nc
sempex_202011,sempex_202011.csv.gz,2101904,8b8df8c906e46e0e2106c0f29b661d6e,2101904,e508ecc563b790322c9f16cf0de34c34,2023-09-21,﻿libelle_long;libelle_court;cip7;cip13;prix_fab;prix_public;prix_cfp;prix_brousse;prix_iles;code_fab;code_forme;date_application;code_tva;code_remboursement;reserve_hospitaliere;agrement;dispo;ephmra;a_changer;numero_maj;ean13;prix_ht;t2a;medicament_couteux;indisponibilite;atc;dci;retrocession;numeromaj_nc
sempex_202012,sempex_202012.csv.gz,2119700,21e54ac615d8ba1539a01cf080a1af29,2119700,f9b9839857c52f410db3921592a7d180,2023-09-21,﻿libelle_long;libelle_court;cip7;cip13;prix_fab;prix_public;prix_cfp;prix_brousse;prix_iles;code_fab;code_forme;date_application;code_tva;code_remboursement;reserve_hospitaliere;agrement;dispo;ephmra;a_changer;numero_maj;ean13;prix_ht;t2a;medicament_couteux;indisponibilite;atc;dci;retrocession;numeromaj_nc
sempex_202101,sempex_202101.csv.gz,2128835,10825b5ef40ff6661db7e698df1570c2,2128835,05e6e7e484945f198eb2fae31b8f3a01,2023-09-21,﻿libelle_long;libelle_court;cip7;cip13;prix_fab;prix_public;prix_cfp;prix_brousse;prix_iles;code_fab;code_forme;date_application;code_tva;code_remboursement;reserve_hospitaliere;agrement;dispo;ephmra;a_changer;numero_maj;ean13;prix_ht;t2a;medicament_couteux;indisponibilite;atc;dci;retrocession;numeromaj_nc
sempex_202102,sempex_202102.csv.gz,2142276,15aa2369edded0ed8ef1ca49fbd89d5a,2142276,0b5fe13508f5ed1d27ebc709401cc528,2023-09-21,﻿libelle_long;libelle_court;cip7;cip13;prix_fab;prix_public;prix_cfp;prix_brousse;prix_iles;code_fab;code_forme;date_application;code_tva;code_remboursement;reserve_hospitaliere;agrement;dispo;ephmra;a_changer;numero_maj;ean13;prix_ht;t2a;medicament_couteux;indisponibilite;atc;dci;retrocession;numeromaj_nc
sempex_202103,sempex_202103.csv.gz,2151829,4d7e708daeb84255ef2837c283058a47,2151829,8328d4755a91c379060745b21e23a93e,2023-09-21,﻿libelle_long;libelle_court;cip7;cip13;prix_fab;prix_public;prix_cfp;prix_brousse;prix_iles;code_fab;code_forme;date_application;code_tva;code_remboursement;reserve_hospitaliere;agrement;dispo;ephmra;a_changer;numero_maj;ean13;prix_ht;t2a;medicament_couteux;indisponibilite;atc;dci;retrocession;numeromaj_nc
sempex_202104,sempex_202104.csv.gz,2163048,2457e31bde0accb9d89f11195d3f3ddb,2163048,f44253431b5dde1279f1195f0b315ebd,2023-09-21,﻿libelle_long;libelle_court;cip7;cip13;prix_fab;prix_public;prix_cfp;prix_brousse;prix_iles;code_fab;code_forme;date_application;code_tva;code_remboursement;reserve_hospitaliere;agrement;dispo;ephmra;a_changer;numero_maj;ean13;prix_ht;t2a;medicament_couteux;indisponibilite;atc;dci;retrocession;numeromaj_nc
sempex_202105,sempex_202105.csv.gz,2166085,38ca5d4b4ee4c3b49ed735d23a2b595a,2166085,b24363d95d28147621935bb71f368727,2023-09-21,﻿libelle_long;libelle_court;cip7;cip13;prix_fab;prix_public;prix_cfp;prix_brousse;prix_iles;code_fab;code_forme;date_application;code_tva;code_remboursement;reserve_hospitaliere;agrement;dispo;ephmra;a_changer;numero_maj;ean13;prix_ht;t2a;medicament_couteux;indisponibilite;atc;dci;retrocession;numeromaj_nc
sempex_202106,sempex_202106.csv.gz,1967416,1bd2653d3d200fe323beb12dd2a66355,1967416,00f296c0ba0aab25269ad7484baeb9aa,2023-09-21,﻿libelle_long;libelle_court;cip7;cip13;prix_fab;prix_public;prix_cfp;prix_brousse;prix_iles;code_fab;code_forme;date_application;code_tva;code_remboursement;reserve_hospitaliere;agrement;dispo;ephmra;a_changer;numero_maj;ean13;prix_ht;t2a;medicament_couteux;indisponibilite;atc;dci;retrocession;numeromaj_nc
sempex_202108,sempex_202108.csv.gz,1965296,95b801f5932bf0433bbf0abd719bcaf5,1965296,2b3136c1fb9c27d7c7921f0626a379ea,2023-09-21,﻿libelle_long;libelle_court;cip7;cip13;prix_fab;prix_public;prix_cfp;prix_brousse;prix_iles;code_fab;code_forme;date_application;code_tva;code_remboursement;reserve_hospitaliere;agrement;dispo;ephmra;a_changé;numero_maj;ean13;prix_ht;t2a;medicament_couteux;indisponibilite;atc;dci;retrocession;numeromaj_nc
sempex_prix_medicaments_en_vigueur,sempex_prix_medicaments_en_vigueur.csv.gz,1964348,637128e2b83e41e6c686656a3ff26ef5,1964348,a1ca6c6b9d13e88ba9d4910d9a917cd4,2023-09-21,﻿libelle_long;libelle_court;cip7;cip13;prix_fab;prix_public;prix_cfp;prix_brousse;prix_iles;code_fab;code_forme;date_application;code_tva;code_remboursement;reserve_hospitaliere;agrement;dispo;ephmra;a_changé;numero_maj;ean13;prix_ht;t2a;medicament_couteux;indisponibilite;atc;dci;retrocession;numeromaj_nc
situation-budgetaire-de-la-nouvelle-caledonie-depuis-2012,situation-budgetaire-de-la-nouvelle-caledonie-depuis-2012.csv.gz,611516,4cd29bc8c90297bc7928b42e2207cf95,611516,bf0aea1ffbce4008174541fafcc35b8d,2023-09-21,﻿Exercice Budgétaire;Code Budget;Sens;Section LC;Chapitre;Libellé long Chapitre;Ss-Fonction;Libellé long Ss-Fonction;Article;Libellé long Article;Budget total;Réalisé
stagiaires_fpc,stagiaires_fpc.csv.gz,603602,3dfc56b46e06db56420d249fc527080c,603602,b9598d391ce470988834e78a950b8a30,2023-09-21,﻿IdStagiaire;Sexe;Date de naissance;Province de résidence;Début session;Fin session;Date entrée stage;Date sortie stage;Motif sortie;Intitulé session;Organisme;Code OF;Collectivité;Nom du diplôme;Diplôme obtenu;Réussite;Remarque réussite;Taux d'absentéisme (just + injust);Montant indemnité
subventions_ville_de_noumea,subventions_ville_de_noumea.csv.gz,15659,78bdd0b4548b8587021085aeb5cbdf01,15659,acda76e56a3f19950fcb85552ce88af9,2023-09-21,﻿objectid;GlobalID;nomAttribuant;idAttribuant;nature;idRAE;notificationUE;nomBeneficiaire;idBeneficiaire;montant;pourcentageSubvention;objet;dateConvention;referenceDecision;datesPeriodeVersement;conditionsVersement;dateConseilMunicipal
tap_nc,tap_nc.csv.gz,16302,6a5b10d9b36280f7f9e720398442e33c,16302,d45846d9cf88f1c8ef2fe3922df0ed29,2023-09-21,﻿Domaines ROME;CODE  ROME;Intitulé ROME;Intitulé spécifique;Niveau de formation indicatif ou exigé  si *;Durées de résidence CPEL si /
top-10-prenoms-a-noumea-depuis-1860,top-10-prenoms-a-noumea-depuis-1860.csv.gz,41248,f856521cdadec039a22e02f5e7a76f07,41248,e504e0b291e443b974ae5898a58c63ca,2023-09-21,﻿identifiant;Commune;Code_commune_INSEE;prenom;annee_de_naissance;genre;nombre;FID
tribus-en-province-nord,tribus-en-province-nord.csv.gz,30710,98f45f4ac12c5cee40c3ae7ee8acf283,30710,d252d457ba9fb67cb44083d00e1a1cce,2023-09-21,﻿OBJECTID;Nom de la tribu en majuscule;Nom de la tribu;Nom_vernaculaire;Nom de la commune en majuscule;Nom de la commune;Code commune ISEE;Code postal de la commune;distance_parcourue_depuis_lhotel_de_la_province_nord_en_km;Temps écoulé depuis l'hôtel de la Province Nord;Classement du temps de parcours;Difficulté d'accession;Goudronné;Type de transport pour y accéder;Statut;lieu;Distance parcourue depuis la Mairie;Temps écoulé depuis la mairie;Point;Date de prise de vue;FICHIER;SOURCE;District;CLASSES_SIG;geo_shape;geo_point_2d;PHOTO_MAISON_COMMUNE
troncvoi-dumbea,troncvoi-dumbea.csv.gz,336387,d89581cd5cb2b579b7f88d906ccf3838,336387,3a6733b14c34d304276fd574abe8178d,2023-09-21,﻿Geo Point;Geo Shape;ARTICLE;CODEVOIE;LIBELLE;LIBNOM;LIBPRNOM;NUMERO;TYPEVOIE;TITRENOM;GESTION;APPARTEN;LIVRAISO;SHAPE_Leng
troncvoi-kaala-gomen,troncvoi-kaala-gomen.csv.gz,26624,d4b7282d7323cc200d2a9bd823ab9870,26624,a46413fb82d94932334c1259f65391b3,2023-09-21,﻿Geo Point;Geo Shape;ARTICLE;CODEVOIE;LIBELLE;LIBNOM;LIBPRNOM;NUMERO;TYPEVOIE;TITRENOM;GESTION;APPARTEN;LIVRAISO;SHAPE_Leng
troncvoi-kone,troncvoi-kone.csv.gz,49262,0830d0ae6f1e88ad740c5d35770fe148,49262,3fad17c03d738d5661ab919fda48af34,2023-09-21,﻿Geo Point;Geo Shape;ARTICLE;CODEVOIE;LIBELLE;LIBNOM;LIBPRNOM;NUMERO;TYPEVOIE;TITRENOM;GESTION;APPARTEN;LIVRAISO;SHAPE_Leng
troncvoi-montdore,troncvoi-montdore.csv.gz,376706,56a3027f09de6d8423455743462a06db,376706,eb4cb11a08d60ee0ff4c5d051c9fa9e6,2023-09-21,﻿Geo Point;Geo Shape;ARTICLE;CODEVOIE;LIBELLE;LIBNOM;LIBPRNOM;NUMERO;TYPEVOIE;TITRENOM;GESTION;APPARTEN;LIVRAISO;SHAPE_Leng
troncvoi-paita,troncvoi-paita.csv.gz,426399,4fe1f9a27c1cf7ef83094d1d9528354c,426399,d5592029025ea8346152c7a54cbc2631,2023-09-21,﻿Geo Point;Geo Shape;ARTICLE;CODEVOIE;LIBELLE;LIBNOM;LIBPRNOM;NUMERO;TYPEVOIE;TITRENOM;GESTION;APPARTEN;LIVRAISO;SHAPE_Leng
troncvoi-pouembout,troncvoi-pouembout.csv.gz,27793,aa7d332b513b78e7abdabb252867622e,27793,e00789e5ff0d229917ef2996630b8cf7,2023-09-21,﻿Geo Point;Geo Shape;ARTICLE;CODEVOIE;LIBELLE;LIBNOM;LIBPRNOM;NUMERO;TYPEVOIE;TITRENOM;GESTION;APPARTEN;LIVRAISO;SHAPE_Leng
voie-dumbea,voie-dumbea.csv.gz,278072,81751ffe07ca1621440de58bfcb4bc1f,278072,3321dc3bc86a9d9fc19cc8a528498a39,2023-09-21,﻿Geo Point;Geo Shape;ARTICLE;CODEVOIE;LIBELLE;LIBNOM;LIBPRNOM;LIBABREV;TYPEVOIE;TITRENOM;GESTION;APPARTEN;LIVRAISO;SHAPE_Leng
voie-kaala-gomen,voie-kaala-gomen.csv.gz,20872,ccd2cb9372e995535294494631ec6749,20872,463bdf1aca42d80f5476bc771fd94ad5,2023-09-21,﻿Geo Point;Geo Shape;ARTICLE;CODEVOIE;LIBELLE;LIBNOM;LIBPRNOM;LIBABREV;TYPEVOIE;TITRENOM;GESTION;APPARTEN;LIVRAISO;SHAPE_Leng
voie-kone,voie-kone.csv.gz,36650,2978e4c53a2e2c1a45734175f38b3c6c,36650,1fabee40e04ad4235790939ed2cedfae,2023-09-21,﻿Geo Point;Geo Shape;ARTICLE;CODEVOIE;LIBELLE;LIBNOM;LIBPRNOM;LIBABREV;TYPEVOIE;TITRENOM;GESTION;APPARTEN;LIVRAISO;SHAPE_Leng
voie-montdore,voie-montdore.csv.gz,321907,8911f61e309a7f457876c0b34ab36fa5,321907,43f05262ac50fec6b6033a2f8dfe5207,2023-09-21,﻿Geo Point;Geo Shape;ARTICLE;CODEVOIE;LIBELLE;LIBNOM;LIBPRNOM;LIBABREV;TYPEVOIE;TITRENOM;GESTION;APPARTEN;LIVRAISO;SHAPE_Leng
voie-paita,voie-paita.csv.gz,382515,1ae138a0e8d2c8b31490c0454333c128,382515,5ebcb8dc9e6e2749873e07a48a452221,2023-09-21,﻿Geo Point;Geo Shape;ARTICLE;CODEVOIE;LIBELLE;LIBNOM;LIBPRNOM;LIBABREV;TYPEVOIE;TITRENOM;GESTION;APPARTEN;LIVRAISO;SHAPE_Leng
voie-pouembout,voie-pouembout.csv.gz,22637,5cb8e7de8c5977dd53eace072073c661,22637,6033d5e5b9b35c6180ed78ed7d6c406d,2023-09-21,﻿Geo Point;Geo Shape;ARTICLE;CODEVOIE;LIBELLE;LIBNOM;LIBPRNOM;LIBABREV;TYPEVOIE;TITRENOM;GESTION;APPARTEN;LIVRAISO;SHAPE_Leng
