dataset_id,theme
acces-au-telechargement-de-la-cartographie-raster,geospatial
acces-au-telechargement-des-orthophotographies0,geospatial
acces-au-telechargement-des-photographies-aeriennes-raster,geospatial
accidents,geospatial
adaptation-obstacle,geospatial
adresse-dumbea,territory
adresse-dumbea,infrastructure
adresse-dumbea,territory development
adresse-kaala-gomen,territory
adresse-kaala-gomen,infrastructure
adresse-kaala-gomen,territory development
adresse-kone,territory
adresse-kone,infrastructure
adresse-kone,territory development
adresse-montdore,territory
adresse-montdore,infrastructure
adresse-montdore,territory development
adresse-pouembout,territory
adresse-pouembout,infrastructure
adresse-pouembout,territory development
adresses,geospatial
aire-dorigine-presumee,geospatial
aires-coutumieres0,geospatial
aires-protegees-du-gouvernement-de-la-nouvelle-caledonie,environment
aires-protegees-du-gouvernement-de-la-nouvelle-caledonie,climate
aires-protegees-en-province-nord,climat
aires-protegees-en-province-nord,tourisme
aires-protegees-en-province-nord,environnement
aires-protegees-en-province-nord,patrimoine
aires-protegees-en-province-nord,culture
aires-protegees-en-province-nord,art
aires-protegees-en-province-sud,environment
aires-protegees-en-province-sud,art
aires-protegees-en-province-sud,climate
aires-protegees-en-province-sud,tourism
aires-protegees-en-province-sud,heritage
aires-protegees-en-province-sud,culture
alea-amiante-environnemental,geospatial
ambulances,geospatial
amenagements-cotiers,geospatial
anomalie-gravimetrique-de-nouvelle-caledonie,environment
anomalie-gravimetrique-de-nouvelle-caledonie,climate
anomalie-gravimetrique-du-sud-ouest-pacifique,environment
anomalie-gravimetrique-du-sud-ouest-pacifique,climate
anomalie-magnetique-de-nouvelle-caledonie,environment
anomalie-magnetique-de-nouvelle-caledonie,climate
antennes-medico-psychologiques-du-chs-et-permanences-decoute-psychologique,health
antennes-medico-psychologiques-du-chs-et-permanences-decoute-psychologique,social
antennes-medico-psychologiques-du-chs-et-permanences-decoute-psychologique,disability
antibioresistance-bhre,handicap
antibioresistance-bhre,santé
antibioresistance-bhre,social
apports-sedimentaires-continentaux,geospatial
arbres-remarquables0,geospatial
arome-outre-mer,climat
arome-outre-mer,environnement
atlas-equipements-publics-serail,territory development
atlas-equipements-publics-serail,infrastructure
atlas-equipements-publics-serail,territory
autorisations_importations_inspection_pharmacie_depuis_2008,social
autorisations_importations_inspection_pharmacie_depuis_2008,handicap
autorisations_importations_inspection_pharmacie_depuis_2008,santé
avp-province-sud,institutions
avp-province-sud,economy
avp-province-sud,employment
avp-province-sud,administrations
axes-de-vol-bdphoto-nc,geospatial
base-de-donnees-cycloniques0,environment
base-de-donnees-cycloniques0,climate
base-de-donnees-des-photographies-aeriennes-bdphoto-nc-au-format-geodatabase,geospatial
base-de-donnees-routieres-bdroute-nc-au-format-geodatabase,geospatial
bassins-versants-dce,geospatial
bassins-versants-limnimetres0,geospatial
bathymetrie-isobathes-zee,territory development
bathymetrie-isobathes-zee,infrastructure
bathymetrie-isobathes-zee,territory
batiments-administratifs-en-province-nord,administrations
batiments-administratifs-en-province-nord,institutions
bdadmin-nc-au-format-geodatabase,geospatial
bdchantier-nc-au-format-geodatabase,geospatial
bdloc-nc-referentiel-des-donnees-publiques-localisees0,territory development
bdloc-nc-referentiel-des-donnees-publiques-localisees0,territory
bdloc-nc-referentiel-des-donnees-publiques-localisees0,infrastructure
bdphoto-nc0,geospatial
beachrock-des-ilots,geospatial
bornes-de-recharge-pour-vehicules-electriques,transport
bornes-de-recharge-pour-vehicules-electriques,mobility
bornes-de-recharge-pour-vehicules-electriques0,geospatial
bsa-2015,santé
bsa-2015,handicap
bsa-2015,social
bsj-2019,social
bsj-2019,handicap
bsj-2019,santé
bureauvote-gdb,geospatial
cadastre-minier0,environment
cadastre-minier0,climate
cadastre-minier0,infrastructure
cadastre-minier0,territory development
cadastre-minier0,industry
cadastre-minier0,energy
cadastre-minier0,territory
cadastre-minier0,mining
cadres-irh-inventaire-des-ressources-hydrauliques0,geospatial
captages-deau-prives-autorises0,geospatial
captages-deau0,geospatial
captages-eau-aep-alimentation-eau-potable0,geospatial
carriere-des-fonctionnaires-de-la-nouvelle-caledonie-et-des-communes-depuis-2000,administrations
carriere-des-fonctionnaires-de-la-nouvelle-caledonie-et-des-communes-depuis-2000,institutions
carriere-des-fonctionnaires-de-la-nouvelle-caledonie-et-des-communes-depuis-2000,emploi
carriere-des-fonctionnaires-de-la-nouvelle-caledonie-et-des-communes-depuis-2000,économie
carrieres-autorisees0,geospatial
carroyage-dfci-defense-de-la-foret-contre-les-incendies,territory development
carroyage-dfci-defense-de-la-foret-contre-les-incendies,territory
carroyage-dfci-defense-de-la-foret-contre-les-incendies,infrastructure
carroyage-dfci-defense-de-la-foret-contre-les-incendies,environment
carroyage-dfci-defense-de-la-foret-contre-les-incendies,climate
carroyage-dfci-defense-de-la-foret-contre-les-incendies-au-format-geodatabase0,geospatial
carte-structurale-du-sud-ouest-pacifique,environment
carte-structurale-du-sud-ouest-pacifique,climate
carte-topographique-au-110000,geospatial
cartographie-au-1100000,geospatial
cartographie-au-150000,geospatial
cartographie-au-1500000,geospatial
cartographie-au-1650000,geospatial
cartographie-dynamique-du-plan-durbanisme-directeur-2021,geospatial
catalogue-outils-sensibilisation-eau,climat
catalogue-outils-sensibilisation-eau,administrations
catalogue-outils-sensibilisation-eau,industrie
catalogue-outils-sensibilisation-eau,éducation
catalogue-outils-sensibilisation-eau,énergie
catalogue-outils-sensibilisation-eau,environnement
catalogue-outils-sensibilisation-eau,formation
catalogue-outils-sensibilisation-eau,santé
catalogue-outils-sensibilisation-eau,social
catalogue-outils-sensibilisation-eau,handicap
catalogue-outils-sensibilisation-eau,recherche
catalogue-outils-sensibilisation-eau,technologie
catalogue-outils-sensibilisation-eau,numérique
catalogue-outils-sensibilisation-eau,sciences
catalogue-outils-sensibilisation-eau,agriculture
catalogue-outils-sensibilisation-eau,élevage
catalogue-outils-sensibilisation-eau,pêche
catalogue-outils-sensibilisation-eau,alimentation
catalogue-outils-sensibilisation-eau,institutions
catalogue-outils-sensibilisation-eau,mines
categories-de-navigation-professionnelle-maritime0,geospatial
cellules-sedimentaires-de-niveau-1,geospatial
cellules-sedimentaires-de-niveau-2,geospatial
cellules-sedimentaires-de-niveau-3,geospatial
cellules-sedimentaires-tous-niveaux,geospatial
centres-de-photographies-aeriennes-bdphoto-nc,geospatial
centres-de-vaccination-et-vaccinodromes,disability
centres-de-vaccination-et-vaccinodromes,social
centres-de-vaccination-et-vaccinodromes,health
centres-medicaux-sociaux-et-ccas,disability
centres-medicaux-sociaux-et-ccas,social
centres-medicaux-sociaux-et-ccas,health
centres-miniers0,geospatial
centres-vacances-loisirs-province-sud,jeunesse
centres-vacances-loisirs-province-sud,sports
centres-vacances-loisirs-province-sud,loisirs
chenaux-du-lagon,geospatial
communes-nc,aménagement
communes-nc,territoire
communes-nc,infrastructures
communes-nc-limites-terrestres-simplifiees,territoire
communes-nc-limites-terrestres-simplifiees,infrastructures
communes-nc-limites-terrestres-simplifiees,aménagement
comptage-des-invertebres-de-la-province-des-iles-depuis-2004,environnement
comptage-des-invertebres-de-la-province-des-iles-depuis-2004,climat
comptage-des-poissons-de-la-province-des-iles-depuis-2004,climat
comptage-des-poissons-de-la-province-des-iles-depuis-2004,environnement
comptage-trafic-routier,geospatial
concessions-minieres0,environment
concessions-minieres0,industry
concessions-minieres0,climate
concessions-minieres0,mining
concessions-minieres0,infrastructure
concessions-minieres0,energy
concessions-minieres0,territory
concessions-minieres0,territory development
connectivite-a-courte-distance,geospatial
connectivite-a-moyenne-distance,geospatial
consommation-de-combustibles-depuis-2009,énergie
consommation-de-combustibles-depuis-2009,mines
consommation-de-combustibles-depuis-2009,industrie
consommation-menages-2012,économie
consommation-menages-2012,emploi
consommation-stupefiants-depuis-2008,handicap
consommation-stupefiants-depuis-2008,social
consommation-stupefiants-depuis-2008,santé
contraintes-de-circulation,transport
contraintes-de-circulation,mobility
cote-potentiellement-soumise-a-lalea-erosion,geospatial
cote-potentiellement-soumise-a-lalea-mouvement-de-terrain,geospatial
cote-potentiellement-soumise-a-lalea-submersion-marine,geospatial
couverture-mobile-theorique-en-nouvelle-caledonie,numérique
couverture-mobile-theorique-en-nouvelle-caledonie,technologie
couverture-mobile-theorique-en-nouvelle-caledonie,emploi
couverture-mobile-theorique-en-nouvelle-caledonie,économie
couverture-mobile-theorique-en-nouvelle-caledonie,sciences
covid-19-centres-depistage-et-vaccination,social
covid-19-centres-depistage-et-vaccination,disability
covid-19-centres-depistage-et-vaccination,health
debits-caracteristiques-detiage-etude-2016,geospatial
delai-paiement-facture-nc,administrations
delai-paiement-facture-nc,institutions
delimitation-de-lespace-maritime,regional
delimitation-de-lespace-maritime,territory development
delimitation-de-lespace-maritime,international
delimitation-de-lespace-maritime,infrastructure
delimitation-de-lespace-maritime,agriculture
delimitation-de-lespace-maritime,livestock
delimitation-de-lespace-maritime,fishing
delimitation-de-lespace-maritime,food
delimitation-de-lespace-maritime,territory
demande-demploi,geospatial
denomination-des-voies-bdroute-nc,geospatial
denomination-des-zones-baties0,territory development
denomination-des-zones-baties0,infrastructure
denomination-des-zones-baties0,territory
depistage_crc,santé
depistage_crc,social
depistage_crc,handicap
deploiement-de-la-fibre-optique-en-nouvelle-caledonie,numérique
deploiement-de-la-fibre-optique-en-nouvelle-caledonie,sciences
deploiement-de-la-fibre-optique-en-nouvelle-caledonie,technologie
dfci-a-100km,infrastructure
dfci-a-100km,territory development
dfci-a-100km,climate
dfci-a-100km,environment
dfci-a-100km,territory
dfci-a-20km0,territory development
dfci-a-20km0,infrastructure
dfci-a-20km0,territory
dfci-a-20km0,environment
dfci-a-20km0,climate
dfci-a-2km0,environment
dfci-a-2km0,climate
dfci-a-2km0,territory development
dfci-a-2km0,infrastructure
dfci-a-2km0,territory
dispositifs-dacces-aux-droits-et-daide-aux-victimes,health
dispositifs-dacces-aux-droits-et-daide-aux-victimes,disability
dispositifs-dacces-aux-droits-et-daide-aux-victimes,social
distances-kilometriques-nc,territoire
distances-kilometriques-nc,mobilité
distances-kilometriques-nc,économie
distances-kilometriques-nc,emploi
distances-kilometriques-nc,aménagement
distances-kilometriques-nc,infrastructures
distances-kilometriques-nc,transport
douanes-decisions-classement-tarifaire-d40,administrations
douanes-decisions-classement-tarifaire-d40,emploi
douanes-decisions-classement-tarifaire-d40,institutions
douanes-decisions-classement-tarifaire-d40,économie
eaux-interieures-de-nouvelle-caledonie,geospatial
eaux-interieures-provinciales,geospatial
eaux-provinciales,geospatial
eaux-territoriales-de-nouvelle-caledonie,geospatial
eaux-territoriales-provinciales,geospatial
effectifs_eleves_par_college,éducation
effectifs_eleves_par_college,recherche
effectifs_eleves_par_college,formation
effectifs_eleves_pre_bac_par_lycee,recherche
effectifs_eleves_pre_bac_par_lycee,formation
effectifs_eleves_pre_bac_par_lycee,éducation
effectifs_par_ecole,recherche
effectifs_par_ecole,éducation
effectifs_par_ecole,formation
element-morphologique-des-ilots,geospatial
emprise-de-la-zee,geospatial
emprises-de-missions-bdphoto-nc,geospatial
emprises-de-photographies-bdphoto-nc,geospatial
emprises-des-sites-pilotes,geospatial
entreprises-actives-au-ridet,employment
entreprises-actives-au-ridet,economy
entreprises_aemporter_clickandcollect_livraison,employment
entreprises_aemporter_clickandcollect_livraison,economy
equipement-commercial-grand-noumea,économie
equipement-commercial-grand-noumea,emploi
especes-caracteristiques-tortues-oiseaux-communautes-sous-marines,geospatial
etablissements-actifs-au-ridet,economy
etablissements-actifs-au-ridet,employment
etablissements-artisanaux-actifs-au-31-12-2019,emploi
etablissements-artisanaux-actifs-au-31-12-2019,économie
etablissements-artisanaux-actifs-au-31-12-2020,emploi
etablissements-artisanaux-actifs-au-31-12-2020,économie
etablissements-artisanaux-actifs-au-31-12-2021,économie
etablissements-artisanaux-actifs-au-31-12-2021,emploi
etablissements-artisanaux-actifs-au-31-12-2022,économie
etablissements-artisanaux-actifs-au-31-12-2022,emploi
etablissements_enseignement_premier_second_degre,recherche
etablissements_enseignement_premier_second_degre,formation
etablissements_enseignement_premier_second_degre,éducation
etude-bv-aep-regulation-especes-envahissantes-etude-ci-2013-2016,geospatial
evolution-des-surfaces-des-ilots,geospatial
evolution-des-surfaces-du-littoral,geospatial
evolution-des-surfaces-du-littoral-de-lanse-vata,geospatial
evolution-du-trait-de-cote-des-ilots,geospatial
evolution-temporelle-du-littoral,geospatial
exploitation-miniere,geospatial
exportation-metallurgique-depuis-1990,industrie
exportation-metallurgique-depuis-1990,mines
exportation-metallurgique-depuis-1990,énergie
exportation-miniere-depuis-1965,industrie
exportation-miniere-depuis-1965,mines
exportation-miniere-depuis-1965,énergie
fiches-impression-a3,geospatial
foret-seche,geospatial
formations-tourisme-province-sud,education
formations-tourisme-province-sud,research
formations-tourisme-province-sud,training
frontieres-resultant-daccords-bilateraux,geospatial
geoide-de-nouvelle-caledonie,climate
geoide-de-nouvelle-caledonie,environment
geologie,geospatial
geologie-au-11000000eme-au-format-geodatabase0,geospatial
geologie-au-11000000eme-au-format-shape,geospatial
geologie-au-1200000eme-au-format-geodatabase,geospatial
geologie-au-1200000eme-au-format-shape,geospatial
geologie-au-150000eme-au-format-geodatabase,geospatial
geologie-au-150000eme-au-format-shape,geospatial
geologie-mine,geospatial
geomorphologie-des-recifs0,geospatial
gisement-dechets-entreprises-2019,économie
gisement-dechets-entreprises-2019,emploi
gr-province-nord,tourisme
gr-province-nord,art
gr-province-nord,culture
gr-province-nord,patrimoine
grands-barrages-de-nouvelle-caledonie0,geospatial
her-hydroecoregions0,geospatial
historique-des-positions,environment
historique-des-positions,climate
historique-des-trajectoires,environment
historique-des-trajectoires,climate
hydrometrie,geospatial
iba-delimitees0,geospatial
iba-important-birds-areas0,environment
iba-important-birds-areas0,climate
iba-indicatives0,geospatial
icpe-province-sud,climate
icpe-province-sud,environment
icpe-province-sud,industry
icpe-province-sud,mining
icpe-province-sud,energy
ilots-en-province-sud,environment
ilots-en-province-sud,climate
ilots-en-province-sud,youth
ilots-en-province-sud,sports
ilots-en-province-sud,leisure
ilots-en-province-sud,tourism
imagerie-acoustique-de-nouvelle-caledonie,climate
imagerie-acoustique-de-nouvelle-caledonie,environment
importations-psychotropes-depuis-2007,handicap
importations-psychotropes-depuis-2007,social
importations-psychotropes-depuis-2007,santé
indicateurs-cafat,administrations
indicateurs-cafat,institutions
indicateurs-cafat,emploi
indicateurs-cafat,économie
indicateurs-cafat,handicap
indicateurs-cafat,social
indicateurs-cafat,santé
indices-de-vulnerabilites,geospatial
installations-classees-pour-lenvironnement-de-nouvelle-caledonie-icpe,geospatial
isobathe-100-metres-interprete,geospatial
isobathe-1000-metres-interprete,geospatial
isobathe-500-metres-interprete,geospatial
isobathes-de-la-zee-equidistance-1000metres,geospatial
isobathes-de-la-zee-equidistance-200metres,geospatial
lieux-de-sante-en-province-nord,aménagement
lieux-de-sante-en-province-nord,santé
lieux-de-sante-en-province-nord,social
lieux-de-sante-en-province-nord,handicap
lieux-de-sante-en-province-nord,territoire
lieux-de-sante-en-province-nord,infrastructures
lignes-de-base-droites,geospatial
limite-des-200-miles-selon-unclos-convention-de-montego-bay,geospatial
limite-domaine-public-fluvial-mer,geospatial
limite-domaine-public-fluvial-mer-lignes,geospatial
limite-domaine-public-fluvial-mer-points,geospatial
limites-administratives-marines,territory
limites-administratives-marines,territory development
limites-administratives-marines,infrastructure
limites-communales-en-mer,territory
limites-communales-en-mer,territory development
limites-communales-en-mer,infrastructure
limites-communales-en-mer,international
limites-communales-en-mer,regional
limites-de-lespace-maritime,geospatial
limites-des-chantiers-de-cartographie-numerique-bdchantier-nc,geospatial
limites-des-chantiers-dorthophotographies-bdchantier-nc0,geospatial
limites-des-surfaces-de-degagement,geospatial
limites-des-zones-baties0,territory
limites-des-zones-baties0,territory development
limites-des-zones-baties0,infrastructure
limites-du-parc-naturel-de-la-mer-de-corail,environment
limites-du-parc-naturel-de-la-mer-de-corail,climate
limites-provinciales-en-mer,territory
limites-provinciales-en-mer,international
limites-provinciales-en-mer,regional
limites-provinciales-en-mer,infrastructure
limites-provinciales-en-mer,territory development
limites-revendiquees,geospatial
limnimetres0,geospatial
liste-des-pays-et-territoires-etrangers,aménagement
liste-des-pays-et-territoires-etrangers,infrastructures
liste-des-pays-et-territoires-etrangers,territoire
localisation-des-agences-opt-nc,sciences
localisation-des-agences-opt-nc,numérique
localisation-des-agences-opt-nc,technologie
localites-et-zones-baties0,infrastructure
localites-et-zones-baties0,territory development
localites-et-zones-baties0,territory
marinas-en-province-sud,loisirs
marinas-en-province-sud,tourisme
marinas-en-province-sud,aménagement
marinas-en-province-sud,infrastructures
marinas-en-province-sud,territoire
marinas-en-province-sud,jeunesse
marinas-en-province-sud,sports
massifs-de-peridotites,mining
massifs-de-peridotites,industry
massifs-de-peridotites,energy
massifs-de-peridotites-au-1000000,geospatial
massifs-de-peridotites-au-50000,geospatial
mer-territoriale,geospatial
mine-et-carriere,geospatial
mises-a-leau-en-province-sud,aménagement
mises-a-leau-en-province-sud,territoire
mises-a-leau-en-province-sud,tourisme
mises-a-leau-en-province-sud,loisirs
mises-a-leau-en-province-sud,sports
mises-a-leau-en-province-sud,jeunesse
mises-a-leau-en-province-sud,infrastructures
modele-numerique-de-terrain-bdalti-nc,geospatial
modele-numerique-de-terrain-marin-a-100-metres,geospatial
modele-numerique-de-terrain-marin-de-la-zee-a-500-metres,environment
modele-numerique-de-terrain-marin-de-la-zee-a-500-metres,territory development
modele-numerique-de-terrain-marin-de-la-zee-a-500-metres,territory
modele-numerique-de-terrain-marin-de-la-zee-a-500-metres,infrastructure
modele-numerique-de-terrain-marin-de-la-zee-a-500-metres,climate
modele-numerique-de-terrain-marin-shom-a-100-metres-nm0,territory development
modele-numerique-de-terrain-marin-shom-a-100-metres-nm0,climate
modele-numerique-de-terrain-marin-shom-a-100-metres-nm0,infrastructure
modele-numerique-de-terrain-marin-shom-a-100-metres-nm0,environment
modele-numerique-de-terrain-marin-shom-a-100-metres-nm0,territory
modele-numerique-de-terrain-marin-shom-a-100-metres-pbma-0,territory development
modele-numerique-de-terrain-marin-shom-a-100-metres-pbma-0,infrastructure
modele-numerique-de-terrain-marin-shom-a-100-metres-pbma-0,territory
modele-numerique-de-terrain-marin-shom-a-100-metres-pbma-0,environment
modele-numerique-de-terrain-marin-shom-a-100-metres-pbma-0,climate
modele-numerique-de-terrain-srtm,infrastructure
modele-numerique-de-terrain-srtm,environment
modele-numerique-de-terrain-srtm,climate
modele-numerique-de-terrain-srtm,territory development
modele-numerique-de-terrain-srtm,territory
moyens-de-production-electrique,geospatial
mvt-avions-tontouta,tourism
mvt-avions-tontouta,international
mvt-avions-tontouta,regional
naissances-par-commune-de-1981-a-2017,population
naissances-par-commune-de-1981-a-2017,société
navigations-des-campagnes-sismiques,environment
navigations-des-campagnes-sismiques,climate
nb-consultations-publiques-marches-public-nc-par-collectivite,administrations
nb-consultations-publiques-marches-public-nc-par-collectivite,institutions
nb-consultations-publiques-marches-publics-nc-par-direction,institutions
nb-consultations-publiques-marches-publics-nc-par-direction,administrations
nomenclature-dactivites-francaise-naf-rev-2-code-ape,employment
nomenclature-dactivites-francaise-naf-rev-2-code-ape,economy
oblic-aleas-cotiers-potentiels,climate
oblic-aleas-cotiers-potentiels,environment
oblic-cellules-hydrosedimentaires-de-nouvelle-caledonie,geospatial
oblic-classification-de-levolution-du-trait-de-cote-des-sites-cotiers,geospatial
oblic-evolution-du-littoral-de-noumea0,geospatial
oblic-evolution-du-littoral-des-ilots0,geospatial
oblic-evolution-du-littoral-des-sites-cotiers0,geospatial
oblic-sensibilite-morpho-sedimentaire-esi-du-littoral0,geospatial
oblic-sites-pilotes-du-reseau-de-suivi0,geospatial
oblic-suivi-morpho-sedimentaire-du-littoral0,geospatial
oblic-typologie-du-littoral,geospatial
occupation-du-sol-1996-au-format-geodatabase,geospatial
occupation-du-sol-1996-au-format-shapefile,geospatial
occupation-du-sol-2005-au-format-geodatabase0,geospatial
occupation-du-sol-2005-au-format-shapefile,geospatial
occupation-du-sol-2008-au-format-geodatabase,geospatial
occupation-du-sol-2008-au-format-shapefile,geospatial
occupation-du-sol-2014-au-format-geodatabase,territory development
occupation-du-sol-2014-au-format-geodatabase,infrastructure
occupation-du-sol-2014-au-format-geodatabase,territory
occupation-du-sol-2014-au-format-shapefile,infrastructure
occupation-du-sol-2014-au-format-shapefile,territory development
occupation-du-sol-2014-au-format-shapefile,territory
occupation-du-sol-du-littoral,geospatial
occupation-du-sol-evolution-entre-2005-et-2014-au-format-geodatabase,geospatial
occupation-du-sol-evolution-entre-2005-et-2014-au-format-shapefile,geospatial
offre-de-transport-du-reseau-taneo,transport
offre-de-transport-du-reseau-taneo,mobilité
offre-demploi,geospatial
offres-demploi,economy
offres-demploi,employment
offres-emploi-stage-province-sud,administrations
offres-emploi-stage-province-sud,institutions
offres-emploi-stage-province-sud,employment
offres-emploi-stage-province-sud,economy
orthophotographies-historiques-de-1976,geospatial
pacificdatavizchallenge_fruits_et_legumes_regroupement1,agriculture
pacificdatavizchallenge_fruits_et_legumes_regroupement1,alimentation
pacificdatavizchallenge_fruits_et_legumes_regroupement1,pêche
pacificdatavizchallenge_fruits_et_legumes_regroupement1,élevage
pacificdatavizchallenge_fruits_et_legumes_regroupement2,agriculture
pacificdatavizchallenge_fruits_et_legumes_regroupement2,élevage
pacificdatavizchallenge_fruits_et_legumes_regroupement2,pêche
pacificdatavizchallenge_fruits_et_legumes_regroupement2,alimentation
patrimoine-historique-et-culturel-de-la-province-sud,art
patrimoine-historique-et-culturel-de-la-province-sud,heritage
patrimoine-historique-et-culturel-de-la-province-sud,culture
pax-tontouta-depuis-2016,international
pax-tontouta-depuis-2016,regional
pax-tontouta-depuis-2016,tourism
perimetre-ramsar,geospatial
perimetres-de-protection-des-eaux,climate
perimetres-de-protection-des-eaux,environment
perimetres-de-protection-des-eaux0,geospatial
permis-de-recherches-miniers0,environment
permis-de-recherches-miniers0,industry
permis-de-recherches-miniers0,mining
permis-de-recherches-miniers0,energy
permis-de-recherches-miniers0,territory development
permis-de-recherches-miniers0,infrastructure
permis-de-recherches-miniers0,territory
permis-de-recherches-miniers0,climate
photographies-aeriennes-de-1935-a-nos-jours,geospatial
piezometres0,geospatial
pil_jdd_substrats,climat
pil_jdd_substrats,environnement
plages-en-province-nord,jeunesse
plages-en-province-nord,loisirs
plages-en-province-nord,tourisme
plages-en-province-nord,environnement
plages-en-province-nord,climat
plages-en-province-nord,sports
plages-en-province-sud,climat
plages-en-province-sud,environnement
plages-en-province-sud,loisirs
plages-en-province-sud,sports
plages-en-province-sud,tourisme
plages-en-province-sud,jeunesse
plan-de-servitude-aeronautique-psa,geospatial
plan-durbanisme-directeur,geospatial
plateforme-recifale-des-ilots,geospatial
pluviometrie,geospatial
points-de-reference,geospatial
points-de-reperes-bdpr-nc,territory development
points-de-reperes-bdpr-nc,infrastructure
points-de-reperes-bdpr-nc,territory
points-definissant-les-lignes-de-base,geospatial
points-dobservation0,geospatial
pole-emploi-rome-arborescence-principale,employment
pole-emploi-rome-arborescence-principale,economy
politiques-des-peches,geospatial
pontons-en-province-sud,jeunesse
pontons-en-province-sud,sports
pontons-en-province-sud,loisirs
pontons-en-province-sud,infrastructures
pontons-en-province-sud,territoire
pontons-en-province-sud,aménagement
pontons-en-province-sud,tourisme
population-legale-de-la-nouvelle-caledonie,société
population-legale-de-la-nouvelle-caledonie,population
population-par-groupe-decennal-recensement-2014,société
population-par-groupe-decennal-recensement-2014,population
ports-a-sec-en-province-sud,territoire
ports-a-sec-en-province-sud,jeunesse
ports-a-sec-en-province-sud,sports
ports-a-sec-en-province-sud,loisirs
ports-a-sec-en-province-sud,tourisme
ports-a-sec-en-province-sud,infrastructures
ports-a-sec-en-province-sud,aménagement
prelevements-marins,geospatial
prix-des-energies-depuis-2009,mines
prix-des-energies-depuis-2009,énergie
prix-des-energies-depuis-2009,industrie
prix-des-produits-alimentaires-en-2012-pacific-dataviz-challenge,alimentation
prix-des-produits-alimentaires-en-2012-pacific-dataviz-challenge,pêche
prix-des-produits-alimentaires-en-2012-pacific-dataviz-challenge,élevage
prix-des-produits-alimentaires-en-2012-pacific-dataviz-challenge,agriculture
prix-des-produits-alimentaires-en-2012-pacific-dataviz-challenge,emploi
prix-des-produits-alimentaires-en-2012-pacific-dataviz-challenge,économie
prix-des-produits-alimentaires-en-2013-pacific-dataviz-challenge,emploi
prix-des-produits-alimentaires-en-2013-pacific-dataviz-challenge,économie
prix-des-produits-alimentaires-en-2013-pacific-dataviz-challenge,agriculture
prix-des-produits-alimentaires-en-2013-pacific-dataviz-challenge,alimentation
prix-des-produits-alimentaires-en-2013-pacific-dataviz-challenge,élevage
prix-des-produits-alimentaires-en-2013-pacific-dataviz-challenge,pêche
prix-des-produits-alimentaires-en-2014-pacific-dataviz-challenge,pêche
prix-des-produits-alimentaires-en-2014-pacific-dataviz-challenge,agriculture
prix-des-produits-alimentaires-en-2014-pacific-dataviz-challenge,emploi
prix-des-produits-alimentaires-en-2014-pacific-dataviz-challenge,élevage
prix-des-produits-alimentaires-en-2014-pacific-dataviz-challenge,alimentation
prix-des-produits-alimentaires-en-2014-pacific-dataviz-challenge,économie
prix-des-produits-alimentaires-en-2015-pacific-dataviz-challenge,élevage
prix-des-produits-alimentaires-en-2015-pacific-dataviz-challenge,agriculture
prix-des-produits-alimentaires-en-2015-pacific-dataviz-challenge,emploi
prix-des-produits-alimentaires-en-2015-pacific-dataviz-challenge,économie
prix-des-produits-alimentaires-en-2015-pacific-dataviz-challenge,alimentation
prix-des-produits-alimentaires-en-2015-pacific-dataviz-challenge,pêche
prix-des-produits-alimentaires-en-2016-pacific-dataviz-challenge,emploi
prix-des-produits-alimentaires-en-2016-pacific-dataviz-challenge,agriculture
prix-des-produits-alimentaires-en-2016-pacific-dataviz-challenge,élevage
prix-des-produits-alimentaires-en-2016-pacific-dataviz-challenge,pêche
prix-des-produits-alimentaires-en-2016-pacific-dataviz-challenge,économie
prix-des-produits-alimentaires-en-2016-pacific-dataviz-challenge,alimentation
prix-des-produits-alimentaires-en-2017-pacific-dataviz-challenge,emploi
prix-des-produits-alimentaires-en-2017-pacific-dataviz-challenge,alimentation
prix-des-produits-alimentaires-en-2017-pacific-dataviz-challenge,pêche
prix-des-produits-alimentaires-en-2017-pacific-dataviz-challenge,agriculture
prix-des-produits-alimentaires-en-2017-pacific-dataviz-challenge,élevage
prix-des-produits-alimentaires-en-2017-pacific-dataviz-challenge,économie
prix-des-produits-alimentaires-en-2018-pacific-dataviz-challenge,pêche
prix-des-produits-alimentaires-en-2018-pacific-dataviz-challenge,alimentation
prix-des-produits-alimentaires-en-2018-pacific-dataviz-challenge,élevage
prix-des-produits-alimentaires-en-2018-pacific-dataviz-challenge,emploi
prix-des-produits-alimentaires-en-2018-pacific-dataviz-challenge,économie
prix-des-produits-alimentaires-en-2018-pacific-dataviz-challenge,agriculture
prix-des-produits-alimentaires-en-2019-pacific-dataviz-challenge,alimentation
prix-des-produits-alimentaires-en-2019-pacific-dataviz-challenge,emploi
prix-des-produits-alimentaires-en-2019-pacific-dataviz-challenge,économie
prix-des-produits-alimentaires-en-2019-pacific-dataviz-challenge,pêche
prix-des-produits-alimentaires-en-2019-pacific-dataviz-challenge,élevage
prix-des-produits-alimentaires-en-2019-pacific-dataviz-challenge,agriculture
prix-des-produits-alimentaires-en-2020-pacific-dataviz-challenge,agriculture
prix-des-produits-alimentaires-en-2020-pacific-dataviz-challenge,élevage
prix-des-produits-alimentaires-en-2020-pacific-dataviz-challenge,pêche
prix-des-produits-alimentaires-en-2020-pacific-dataviz-challenge,alimentation
prix-des-produits-alimentaires-en-2020-pacific-dataviz-challenge,économie
prix-des-produits-alimentaires-en-2020-pacific-dataviz-challenge,emploi
prix-des-produits-alimentaires-en-2021-pacific-dataviz-challenge,alimentation
prix-des-produits-alimentaires-en-2021-pacific-dataviz-challenge,élevage
prix-des-produits-alimentaires-en-2021-pacific-dataviz-challenge,emploi
prix-des-produits-alimentaires-en-2021-pacific-dataviz-challenge,économie
prix-des-produits-alimentaires-en-2021-pacific-dataviz-challenge,pêche
prix-des-produits-alimentaires-en-2021-pacific-dataviz-challenge,territoire
prix-des-produits-alimentaires-en-2021-pacific-dataviz-challenge,infrastructures
prix-des-produits-alimentaires-en-2021-pacific-dataviz-challenge,aménagement
prix-des-produits-alimentaires-en-2021-pacific-dataviz-challenge,agriculture
prix-des-produits-alimentaires-en-2022-pacific-dataviz-challenge,élevage
prix-des-produits-alimentaires-en-2022-pacific-dataviz-challenge,pêche
prix-des-produits-alimentaires-en-2022-pacific-dataviz-challenge,alimentation
prix-des-produits-alimentaires-en-2022-pacific-dataviz-challenge,économie
prix-des-produits-alimentaires-en-2022-pacific-dataviz-challenge,emploi
prix-des-produits-alimentaires-en-2022-pacific-dataviz-challenge,agriculture
prix-des-produits-alimentaires-en-2023-pacific-dataviz-challenge,économie
prix-des-produits-alimentaires-en-2023-pacific-dataviz-challenge,emploi
prix-des-produits-alimentaires-en-2023-pacific-dataviz-challenge,alimentation
prix-des-produits-alimentaires-en-2023-pacific-dataviz-challenge,pêche
prix-des-produits-alimentaires-en-2023-pacific-dataviz-challenge,élevage
prix-des-produits-alimentaires-en-2023-pacific-dataviz-challenge,agriculture
prixnc,économie
prixnc,emploi
production-metallurgique-depuis-1985,industrie
production-metallurgique-depuis-1985,mines
production-metallurgique-depuis-1985,énergie
production-miniere-depuis-1875,industrie
production-miniere-depuis-1875,mines
production-miniere-depuis-1875,énergie
profils,geospatial
profils-sismiques-reflexion-bdd-tasman-frontier,geospatial
profils-sismiques-reflexion-nc,geospatial
profils-sismiques-refraction-nc,geospatial
programmation-fpc,education
programmation-fpc,research
programmation-fpc,training
protection-des-cetaces-tortues-et-requins,geospatial
provinces-structurales-age,geospatial
provinces-structurales-nature,geospatial
quartiers0,geospatial
recensement-de-la-population-2019-individus-nc,recherche
recensement-de-la-population-2019-individus-nc,population
recensement-de-la-population-2019-individus-nc,transport
recensement-de-la-population-2019-individus-nc,mobilité
recensement-de-la-population-2019-individus-nc,emploi
recensement-de-la-population-2019-individus-nc,société
recensement-de-la-population-2019-individus-nc,économie
recensement-de-la-population-2019-individus-nc,formation
recensement-de-la-population-2019-individus-nc,éducation
recifs-eloignes,geospatial
references-hydrographiques,geospatial
referendum-2018,institutions
referendum-2018,administrations
referendum-2018,population
referendum-2018,société
referendum-2020,institutions
referendum-2020,administrations
referendum-2020,population
referendum-2020,société
referentiel-des-immeubles-localises-refil,territory development
referentiel-des-immeubles-localises-refil,infrastructure
referentiel-des-immeubles-localises-refil,territory
referentiel-douanier-baremes-douaniers-unrtxtab,institutions
referentiel-douanier-baremes-douaniers-unrtxtab,administrations
referentiel-douanier-codes-additionnels-nationaux-cana_tab,institutions
referentiel-douanier-codes-additionnels-nationaux-cana_tab,administrations
referentiel-douanier-codes-des-pays-unctytab,administrations
referentiel-douanier-codes-des-pays-unctytab,institutions
referentiel-douanier-codes-documents-unatdtab,institutions
referentiel-douanier-codes-documents-unatdtab,administrations
referentiel-douanier-conditions-de-paiement-untoptab,administrations
referentiel-douanier-conditions-de-paiement-untoptab,institutions
referentiel-douanier-incoterms-untodtab,institutions
referentiel-douanier-incoterms-untodtab,administrations
referentiel-douanier-localisations-des-marchandises-unshdtab,institutions
referentiel-douanier-localisations-des-marchandises-unshdtab,administrations
referentiel-douanier-locode-unloctab,administrations
referentiel-douanier-locode-unloctab,institutions
referentiel-douanier-modeles-de-declaration-unmodtab,institutions
referentiel-douanier-modeles-de-declaration-unmodtab,administrations
referentiel-douanier-natures-de-transaction-niveau-2-untr2tab,institutions
referentiel-douanier-natures-de-transaction-niveau-2-untr2tab,administrations
referentiel-douanier-natures-de-transaction-niveau1-untr1tab,institutions
referentiel-douanier-natures-de-transaction-niveau1-untr1tab,administrations
referentiel-douanier-preferences-douanieres-unprftab,institutions
referentiel-douanier-preferences-douanieres-unprftab,administrations
referentiel-douanier-regimes-etendus-uncp4tab,administrations
referentiel-douanier-regimes-etendus-uncp4tab,institutions
referentiel-douanier-tarif-douanier-chapitres-unhs2tab,institutions
referentiel-douanier-tarif-douanier-chapitres-unhs2tab,administrations
referentiel-douanier-tarif-douanier-codes-sh-unhs6tab,administrations
referentiel-douanier-tarif-douanier-codes-sh-unhs6tab,institutions
referentiel-douanier-tarif-douanier-compilation,administrations
referentiel-douanier-tarif-douanier-compilation,institutions
referentiel-douanier-tarif-douanier-positions-unhs4tab,administrations
referentiel-douanier-tarif-douanier-positions-unhs4tab,institutions
referentiel-douanier-tarif-douanier-sections-unhs1tab,institutions
referentiel-douanier-tarif-douanier-sections-unhs1tab,administrations
referentiel-douanier-tarif-douanier-sous-positions-unhs5tab,administrations
referentiel-douanier-tarif-douanier-sous-positions-unhs5tab,institutions
referentiel-douanier-tarif-douanier-untartab,administrations
referentiel-douanier-tarif-douanier-untartab,institutions
referentiel-douanier-taux-de-change,administrations
referentiel-douanier-taux-de-change,institutions
referentiel-douanier-taux-de-remplissage-des-conteneurs-unindtab,institutions
referentiel-douanier-taux-de-remplissage-des-conteneurs-unindtab,administrations
referentiel-douanier-transporteurs-uncartab,administrations
referentiel-douanier-transporteurs-uncartab,institutions
referentiel-douanier-types-de-colis-unpkgtab,institutions
referentiel-douanier-types-de-colis-unpkgtab,administrations
referentiel-douanier-types-de-conteneurs-unctntab,institutions
referentiel-douanier-types-de-conteneurs-unctntab,administrations
referentiel-douanier-unites-supplementaires-unuomtab,institutions
referentiel-douanier-unites-supplementaires-unuomtab,administrations
referentiel-hydrogeologique-base-de-donnees-des-limites-des-systemes-aquiferes-0,industry
referentiel-hydrogeologique-base-de-donnees-des-limites-des-systemes-aquiferes-0,environment
referentiel-hydrogeologique-base-de-donnees-des-limites-des-systemes-aquiferes-0,climate
referentiel-hydrogeologique-base-de-donnees-des-limites-des-systemes-aquiferes-0,mining
referentiel-hydrogeologique-base-de-donnees-des-limites-des-systemes-aquiferes-0,energy
regions-hydrographiques0,geospatial
reglementation-de-lespace-maritime,geospatial
rendement-des-impots-depuis-2010,administrations
rendement-des-impots-depuis-2010,institutions
reperes-de-plus-hautes-eaux,geospatial
reseau-de-stations-meteorologiques-de-meteo-france,environment
reseau-de-stations-meteorologiques-de-meteo-france,climate
reserves-du-parc-naturel-de-la-mer-de-corail,environment
reserves-du-parc-naturel-de-la-mer-de-corail,climate
reserves-metallurgiques,geospatial
reserves-techniques-provinciales0,territory development
reserves-techniques-provinciales0,infrastructure
reserves-techniques-provinciales0,territory
reserves-techniques-provinciales0,environment
reserves-techniques-provinciales0,industry
reserves-techniques-provinciales0,mining
reserves-techniques-provinciales0,energy
reserves-techniques-provinciales0,climate
reussite_baccalaureat,formation
reussite_baccalaureat,éducation
reussite_baccalaureat,recherche
reussite_brevet_par_college,formation
reussite_brevet_par_college,recherche
reussite_brevet_par_college,éducation
reussite_voie_professionnelle,formation
reussite_voie_professionnelle,recherche
reussite_voie_professionnelle,éducation
riife_missions,education
riife_missions,training
riife_missions,research
riife_sites,research
riife_sites,education
riife_sites,training
riife_structures,research
riife_structures,training
riife_structures,education
rna-nc,economy
rna-nc,institutions
rna-nc,administrations
rna-nc,employment
rouille-des-myrtacees,geospatial
rp-2019-indv-piles,recherche
rp-2019-indv-piles,mobilité
rp-2019-indv-piles,économie
rp-2019-indv-piles,formation
rp-2019-indv-piles,société
rp-2019-indv-piles,population
rp-2019-indv-piles,transport
rp-2019-indv-piles,emploi
rp-2019-indv-piles,éducation
rp-2019-indv-pnord,recherche
rp-2019-indv-pnord,mobilité
rp-2019-indv-pnord,société
rp-2019-indv-pnord,formation
rp-2019-indv-pnord,éducation
rp-2019-indv-pnord,emploi
rp-2019-indv-pnord,transport
rp-2019-indv-pnord,économie
rp-2019-indv-pnord,population
rp-2019-indv-psud,transport
rp-2019-indv-psud,recherche
rp-2019-indv-psud,formation
rp-2019-indv-psud,emploi
rp-2019-indv-psud,mobilité
rp-2019-indv-psud,économie
rp-2019-indv-psud,société
rp-2019-indv-psud,population
rp-2019-indv-psud,éducation
rp-2019-logements,société
rp-2019-logements,transport
rp-2019-logements,territoire
rp-2019-logements,infrastructures
rp-2019-logements,aménagement
rp-2019-logements,population
rp-2019-logements,mobilité
saison-administrative-des-feux-de-foret-depuis-2015,climat
saison-administrative-des-feux-de-foret-depuis-2015,environnement
salaire-minimum-garanti-smg-smag,emploi
salaire-minimum-garanti-smg-smag,économie
schema-directeur-de-lhydrographie,geospatial
secteurselectoraux-gdb,geospatial
sections-cadastrales,territory
sections-cadastrales,territory development
sections-cadastrales,infrastructure
sempex_201912,handicap
sempex_201912,social
sempex_201912,santé
sempex_202001,santé
sempex_202001,social
sempex_202001,handicap
sempex_202002,handicap
sempex_202002,social
sempex_202002,santé
sempex_202003,santé
sempex_202003,social
sempex_202003,handicap
sempex_202004,social
sempex_202004,handicap
sempex_202004,santé
sempex_202005,social
sempex_202005,handicap
sempex_202005,santé
sempex_202006,handicap
sempex_202006,santé
sempex_202006,social
sempex_202007,santé
sempex_202007,handicap
sempex_202007,social
sempex_202008,handicap
sempex_202008,social
sempex_202008,santé
sempex_202009,handicap
sempex_202009,social
sempex_202009,santé
sempex_202010,handicap
sempex_202010,social
sempex_202010,santé
sempex_202011,santé
sempex_202011,social
sempex_202011,handicap
sempex_202012,santé
sempex_202012,social
sempex_202012,handicap
sempex_202101,social
sempex_202101,handicap
sempex_202101,santé
sempex_202102,social
sempex_202102,handicap
sempex_202102,santé
sempex_202103,santé
sempex_202103,social
sempex_202103,handicap
sempex_202104,handicap
sempex_202104,social
sempex_202104,santé
sempex_202105,santé
sempex_202105,social
sempex_202105,handicap
sempex_202106,health
sempex_202106,social
sempex_202106,disability
sempex_202108,health
sempex_202108,disability
sempex_202108,social
sempex_prix_medicaments_en_vigueur,social
sempex_prix_medicaments_en_vigueur,disability
sempex_prix_medicaments_en_vigueur,health
sites,environment
sites,climate
sites-dinteret-de-lespace-maritime,geospatial
situation-budgetaire-de-la-nouvelle-caledonie-depuis-2012,institutions
situation-budgetaire-de-la-nouvelle-caledonie-depuis-2012,administrations
stagiaires_fpc,education
stagiaires_fpc,training
stagiaires_fpc,research
stations-de-jaugeages0,geospatial
stations-de-suivi-du-reseau-dobservation-des-recifs-coralliens-rorc,environment
stations-de-suivi-du-reseau-dobservation-des-recifs-coralliens-rorc,climate
stations-jaugeages-dce,geospatial
stations-rorc0,climate
stations-rorc0,environment
stations-subaquatiques-par-methode,geospatial
subventions_ville_de_noumea,administrations
subventions_ville_de_noumea,institutions
subventions_ville_de_noumea,emploi
subventions_ville_de_noumea,économie
tap_nc,employment
tap_nc,economy
tendance-evolutive-actuelle-des-ilots,geospatial
tendance-evolutive-actuelle-du-littoral,geospatial
terres-emergees,geospatial
titres-miniers-echus0,environment
titres-miniers-echus0,energy
titres-miniers-echus0,mining
titres-miniers-echus0,climate
titres-miniers-echus0,territory
titres-miniers-echus0,industry
titres-miniers-echus0,infrastructure
titres-miniers-echus0,territory development
top-10-prenoms-a-noumea-depuis-1860,society
top-10-prenoms-a-noumea-depuis-1860,population
toponymes-massifs-de-peridotites-au-1000000,geospatial
toponymes-massifs-de-peridotites-au-50000,geospatial
toponymes0,geospatial
trait-de-cote,geospatial
trait-de-cote0,geospatial
transects-tortues-vertes,geospatial
tribus-en-province-nord,aménagement
tribus-en-province-nord,infrastructures
tribus-en-province-nord,territoire
troncvoi,geospatial
troncvoi-dumbea,infrastructure
troncvoi-dumbea,territory
troncvoi-dumbea,territory development
troncvoi-kaala-gomen,territory
troncvoi-kaala-gomen,infrastructure
troncvoi-kaala-gomen,territory development
troncvoi-kone,territory
troncvoi-kone,infrastructure
troncvoi-kone,territory development
troncvoi-montdore,territory development
troncvoi-montdore,infrastructure
troncvoi-montdore,territory
troncvoi-paita,territory
troncvoi-paita,infrastructure
troncvoi-paita,territory development
troncvoi-pouembout,territory
troncvoi-pouembout,infrastructure
troncvoi-pouembout,territory development
typologie-du-littoral,geospatial
unites-paysageres-fonctionnelles,geospatial
usines-metallurgiques0,geospatial
vegetation-des-iles-eloignees,geospatial
vent-de-reference,geospatial
vestiges-ruines-industrielles-et-sites-archeologiques,geospatial
vitesse-devolution-des-ilots,geospatial
vitesse-devolution-du-littoral,geospatial
vitesse-devolution-du-littoral-de-lanse-vata,geospatial
voie,geospatial
voie-dumbea,infrastructure
voie-dumbea,territory development
voie-dumbea,territory
voie-kaala-gomen,territory development
voie-kaala-gomen,infrastructure
voie-kaala-gomen,territory
voie-kone,territory
voie-kone,infrastructure
voie-kone,territory development
voie-montdore,territory
voie-montdore,territory development
voie-montdore,infrastructure
voie-paita,territory
voie-paita,territory development
voie-paita,infrastructure
voie-pouembout,infrastructure
voie-pouembout,territory
voie-pouembout,territory development
vue-aerienne-orthophotographie,geospatial
zone-contigue,geospatial
zone-de-vigilance,geospatial
zones-cles-de-biodiversite-cotieres,geospatial
zones-cles-de-biodiversite-kba-key-biodiversity-areas,geospatial
zones-cles-de-biodiversite-marines,geospatial
zones-cles-de-biodiversite-terrestres,geospatial
zones-de-survol-des-drones-de-loisir,transport
zones-de-survol-des-drones-de-loisir,mobility
zones-especes-envahissantes,geospatial
zones-minieres-interdites0,mining
zones-minieres-interdites0,territory development
zones-minieres-interdites0,infrastructure
zones-minieres-interdites0,environment
zones-minieres-interdites0,climate
zones-minieres-interdites0,energy
zones-minieres-interdites0,industry
zones-minieres-interdites0,territory
